codigo,empresa,tipo,participacao,qtd_teorica,indice
ALOS3,ALLOS,ON      NM,0.532,478558715.0,IBOV
ABEV3,AMBEV S/A,ON,2.736,4273841357.0,IBOV
ASAI3,ASSAI,ON      NM,0.477,1338623499.0,IBOV
AURE3,AUREN,ON      NM,0.143,317799925.0,IBOV
AXIA3,AXIA ENERGIA,ON      NM,4.681,2156759550.0,IBOV
AZZA3,AZZAS 2154,ON      NM,0.071,109571260.0,IBOV
B3SA3,B3,ON      NM,3.14,4997059816.0,IBOV
BBSE3,BBSEGURIDADE,ON      NM,1.038,616248544.0,IBOV
BBDC3,BRADESCO,ON  EJS N1,0.985,1548223583.0,IBOV
BBDC4,BRADESCO,PN  EJS N1,3.933,5392761254.0,IBOV
BRAP4,BRADESPAR,PN      N1,0.223,250914708.0,IBOV
BBAS3,BRASIL,ON      NM,2.418,2842496541.0,IBOV
BRKM5,BRASKEM,PNA     N1,0.063,265709734.0,IBOV
BRAV3,BRAVA,ON      NM,0.273,346772300.0,IBOV
BPAC11,BTGP BANCO,UNT     N2,2.742,1194624560.0,IBOV
CXSE3,CAIXA SEGURI,ON  ED  NM,0.472,600000000.0,IBOV
CEAB3,CEA MODAS,ON      NM,0.077,204964309.0,IBOV
CMIG4,CEMIG,PN      N1,0.866,1904057894.0,IBOV
COGN3,COGNA ON,ON  ATZ NM,0.172,1915914094.0,IBOV
CSMG3,COPASA,ON      NM,0.926,359581776.0,IBOV
CPLE3,COPEL,ON      NM,1.783,2969406694.0,IBOV
CSAN3,COSAN,ON      NM,0.354,2242671999.0,IBOV
CPFE3,CPFL ENERGIA,ON      NM,0.35,187732538.0,IBOV
CMIN3,CSNMINERACAO,ON      N2,0.392,1646519336.0,IBOV
CURY3,CURY S/A,ON      NM,0.208,160988231.0,IBOV
CYRE3,CYRELA REALT,ON      NM,0.246,281609283.0,IBOV
DIRR3,DIRECIONAL,ON      NM,0.156,327091595.0,IBOV
EMBJ3,EMBRAER,ON      NM,2.675,711833141.0,IBOV
ENGI11,ENERGISA,UNT     N2,0.661,325503046.0,IBOV
ENEV3,ENEVA,ON      NM,2.086,1913352180.0,IBOV
EGIE3,ENGIE BRASIL,ON      NM,0.534,443065303.0,IBOV
EQTL3,EQUATORIAL,ON      NM,1.976,1247728993.0,IBOV
FLRY3,FLEURY,ON      NM,0.314,447150822.0,IBOV
GGBR4,GERDAU,PN      N1,1.338,1258208269.0,IBOV
GOAU4,GERDAU MET,PN      N1,0.387,830837767.0,IBOV
HAPV3,HAPVIDA,ON      NM,0.122,271662290.0,IBOV
HYPE3,HYPERA,ON      NM,0.278,321083946.0,IBOV
IGTI11,IGUATEMI S.A,UNT     N1,0.208,205800982.0,IBOV
ISAE4,ISA ENERGIA,PN      N1,0.496,460013216.0,IBOV
ITSA4,ITAUSA,PN      N1,3.313,5970738360.0,IBOV
ITUB4,ITAUUNIBANCO,PN  EJ  N1,8.649,5050269111.0,IBOV
KLBN11,KLABIN S/A,UNT     N2,0.606,804572623.0,IBOV
RENT3,LOCALIZA,ON      NM,1.55,978479038.0,IBOV
LREN3,LOJAS RENNER,ON      NM,0.543,982593716.0,IBOV
MGLU3,MAGAZ LUIZA,ON      NM,0.072,373155063.0,IBOV
POMO4,MARCOPOLO,PN      N2,0.137,728266241.0,IBOV
MBRF3,MARFRIG,ON  ATZ NM,0.516,761175338.0,IBOV
BEEF3,MINERVA,ON      NM,0.066,454804863.0,IBOV
MOTV3,MOTIVA SA,ON      NM,0.606,1002196725.0,IBOV
MRVE3,MRV,ON      NM,0.071,374681353.0,IBOV
MULT3,MULTIPLAN,ON      N2,0.371,320022221.0,IBOV
NATU3,NATURA,ON      NM,0.281,838359453.0,IBOV
PETR3,PETROBRAS,ON      N2,4.264,2237877167.0,IBOV
PETR4,PETROBRAS,PN      N2,7.474,4410960450.0,IBOV
RECV3,PETRORECSA,ON      NM,0.112,274624898.0,IBOV
PSSA3,PORTO SEGURO,ON      NM,0.386,178825403.0,IBOV
PRIO3,PRIO,ON      NM,1.812,757265605.0,IBOV
RADL3,RAIADROGASIL,ON      NM,1.091,1313915830.0,IBOV
RDOR3,REDE D OR,ON      NM,1.519,1091469308.0,IBOV
RAIL3,RUMO S.A.,ON      NM,0.69,1221155293.0,IBOV
SBSP3,SABESP,ON      NM,3.215,2870627990.0,IBOV
SANB11,SANTANDER BR,UNT,0.429,360347199.0,IBOV
CSNA3,SID NACIONAL,ON,0.144,727975012.0,IBOV
SLCE3,SLC AGRICOLA,ON      NM,0.12,220403658.0,IBOV
SMFT3,SMART FIT,ON      NM,0.449,556651316.0,IBOV
SUZB3,SUZANO S.A.,ON      NM,1.061,612918471.0,IBOV
TAEE11,TAESA,UNT     N2,0.354,218568234.0,IBOV
VIVT3,TELEF BRASIL,ON  EJ,0.892,707125712.0,IBOV
TIMS3,TIM,ON      NM,0.587,777451080.0,IBOV
TOTS3,TOTVS,ON      NM,0.702,533997411.0,IBOV
UGPA3,ULTRAPAR,ON      NM,1.399,1067870496.0,IBOV
USIM5,USIMINAS,PNA     N1,0.156,518256757.0,IBOV
VALE3,VALE,ON      NM,10.953,3535764048.0,IBOV
VAMO3,VAMOS,ON      NM,0.06,448052066.0,IBOV
VBBR3,VIBRA,ON      NM,1.69,1192004780.0,IBOV
VIVA3,VIVARA S.A.,ON      NM,0.111,123698325.0,IBOV
WEGE3,WEG,ON      NM,2.93,1485954732.0,IBOV
YDUQ3,YDUQS PART,ON      NM,0.087,261365845.0,IBOV
ALOS3,ALLOS,ON      NM,0.489,478558715.0,IBXX
ABEV3,AMBEV S/A,ON,2.519,4273841357.0,IBXX
ANIM3,ANIMA,ON      NM,0.021,256720485.0,IBXX
ASAI3,ASSAI,ON      NM,0.44,1338623499.0,IBXX
AURE3,AUREN,ON      NM,0.132,317799925.0,IBXX
AXIA3,AXIA ENERGIA,ON      NM,4.31,2156759550.0,IBXX
AZZA3,AZZAS 2154,ON      NM,0.065,109571260.0,IBXX
B3SA3,B3,ON      NM,2.891,4997059816.0,IBXX
BBSE3,BBSEGURIDADE,ON      NM,0.955,616248544.0,IBXX
BBDC3,BRADESCO,ON  EJS N1,0.907,1548223583.0,IBXX
BBDC4,BRADESCO,PN  EJS N1,3.622,5392761254.0,IBXX
BRAP4,BRADESPAR,PN      N1,0.205,250914708.0,IBXX
SAUD3,BRADSAUDE,ON      NM,0.136,251735971.0,IBXX
BBAS3,BRASIL,ON      NM,2.226,2842496541.0,IBXX
BRKM5,BRASKEM,PNA     N1,0.058,265709734.0,IBXX
BRAV3,BRAVA,ON      NM,0.251,346772300.0,IBXX
BPAC11,BTGP BANCO,UNT     N2,2.525,1194624560.0,IBXX
CXSE3,CAIXA SEGURI,ON  ED  NM,0.434,600000000.0,IBXX
CBAV3,CBA,ON      NM,0.085,204441277.0,IBXX
CEAB3,CEA MODAS,ON      NM,0.071,204964309.0,IBXX
CMIG4,CEMIG,PN      N1,0.797,1904057894.0,IBXX
COGN3,COGNA ON,ON  ATZ NM,0.158,1915914094.0,IBXX
CSMG3,COPASA,ON      NM,0.853,359581776.0,IBXX
CPLE3,COPEL,ON      NM,1.642,2969406694.0,IBXX
CSAN3,COSAN,ON      NM,0.326,2242671999.0,IBXX
CPFE3,CPFL ENERGIA,ON      NM,0.322,187732538.0,IBXX
CMIN3,CSNMINERACAO,ON      N2,0.361,1646519336.0,IBXX
CURY3,CURY S/A,ON      NM,0.192,160988231.0,IBXX
CVCB3,CVC BRASIL,ON      NM,0.024,408009727.0,IBXX
CYRE3,CYRELA REALT,ON      NM,0.227,281609283.0,IBXX
DIRR3,DIRECIONAL,ON      NM,0.144,327091595.0,IBXX
ECOR3,ECORODOVIAS,ON      NM,0.088,328954615.0,IBXX
EMBJ3,EMBRAER,ON      NM,2.463,711833141.0,IBXX
ENGI11,ENERGISA,UNT     N2,0.608,325503046.0,IBXX
ENEV3,ENEVA,ON      NM,1.921,1913352180.0,IBXX
EGIE3,ENGIE BRASIL,ON      NM,0.492,443065303.0,IBXX
EQTL3,EQUATORIAL,ON      NM,1.819,1247728993.0,IBXX
EZTC3,EZTEC,ON      NM,0.051,121216090.0,IBXX
FLRY3,FLEURY,ON      NM,0.289,447150822.0,IBXX
GGBR4,GERDAU,PN      N1,1.232,1258208269.0,IBXX
GOAU4,GERDAU MET,PN      N1,0.356,830837767.0,IBXX
GGPS3,GPS,ON      NM,0.137,314841214.0,IBXX
GMAT3,GRUPO MATEUS,ON      NM,0.066,457961064.0,IBXX
HAPV3,HAPVIDA,ON      NM,0.112,271662290.0,IBXX
HYPE3,HYPERA,ON      NM,0.256,321083946.0,IBXX
IGTI11,IGUATEMI S.A,UNT     N1,0.191,205800982.0,IBXX
INTB3,INTELBRAS,ON  ED  NM,0.065,113898409.0,IBXX
IRBR3,IRBBRASIL RE,ON      NM,0.164,81534304.0,IBXX
ISAE4,ISA ENERGIA,PN      N1,0.457,460013216.0,IBXX
ITSA4,ITAUSA,PN      N1,3.05,5970738360.0,IBXX
ITUB3,ITAUUNIBANCO,ON  EJ  N1,0.768,456130473.0,IBXX
ITUB4,ITAUUNIBANCO,PN  EJ  N1,8.436,5349695485.0,IBXX
JHSF3,JHSF PART,ON  ED  NM,0.105,260721097.0,IBXX
KLBN11,KLABIN S/A,UNT     N2,0.558,804572623.0,IBXX
RENT3,LOCALIZA,ON      NM,1.427,978479038.0,IBXX
LREN3,LOJAS RENNER,ON      NM,0.5,982593716.0,IBXX
MGLU3,MAGAZ LUIZA,ON      NM,0.067,373155063.0,IBXX
POMO4,MARCOPOLO,PN      N2,0.126,728266241.0,IBXX
MBRF3,MARFRIG,ON  ATZ NM,0.475,761175338.0,IBXX
BEEF3,MINERVA,ON      NM,0.061,454804863.0,IBXX
MOTV3,MOTIVA SA,ON      NM,0.558,1002196725.0,IBXX
MDNE3,MOURA DUBEUX,ON      NM,0.058,62112530.0,IBXX
MOVI3,MOVIDA,ON  ES  NM,0.049,165088193.0,IBXX
MRVE3,MRV,ON      NM,0.066,374681353.0,IBXX
MULT3,MULTIPLAN,ON      N2,0.342,320022221.0,IBXX
NATU3,NATURA,ON      NM,0.258,838359453.0,IBXX
ORVR3,ORIZON,ON      NM,0.145,54399873.0,IBXX
PETR3,PETROBRAS,ON      N2,6.102,3478483761.0,IBXX
PETR4,PETROBRAS,PN      N2,6.881,4410960450.0,IBXX
RECV3,PETRORECSA,ON      NM,0.103,274624898.0,IBXX
AUAU3,PETZCOBASI,ON      NM,0.028,205617553.0,IBXX
PSSA3,PORTO SEGURO,ON      NM,0.356,178825403.0,IBXX
PRIO3,PRIO,ON      NM,1.668,757265605.0,IBXX
RADL3,RAIADROGASIL,ON      NM,1.005,1313915830.0,IBXX
RAPT4,RANDON PART,PN      N1,0.033,176793154.0,IBXX
RDOR3,REDE D OR,ON      NM,1.399,1091469308.0,IBXX
RAIL3,RUMO S.A.,ON      NM,0.636,1221155293.0,IBXX
SBSP3,SABESP,ON      NM,3.615,3506733260.0,IBXX
SAPR11,SANEPAR,UNT     N2,0.26,201077478.0,IBXX
SANB11,SANTANDER BR,UNT,0.396,360347199.0,IBXX
SMTO3,SAO MARTINHO,ON      NM,0.066,123583436.0,IBXX
CSNA3,SID NACIONAL,ON,0.132,727975012.0,IBXX
SIMH3,SIMPAR,ON      NM,0.039,135653148.0,IBXX
SLCE3,SLC AGRICOLA,ON      NM,0.111,220403658.0,IBXX
SMFT3,SMART FIT,ON      NM,0.413,556651316.0,IBXX
SUZB3,SUZANO S.A.,ON      NM,0.977,612918471.0,IBXX
TAEE11,TAESA,UNT     N2,0.326,218568234.0,IBXX
VIVT3,TELEF BRASIL,ON  EJ,0.821,707125712.0,IBXX
TEND3,TENDA,ON      NM,0.143,114768786.0,IBXX
TIMS3,TIM,ON      NM,0.541,777451080.0,IBXX
TOTS3,TOTVS,ON      NM,0.646,533997411.0,IBXX
UGPA3,ULTRAPAR,ON      NM,1.287,1067870496.0,IBXX
USIM5,USIMINAS,PNA     N1,0.144,518256757.0,IBXX
VALE3,VALE,ON      NM,12.175,4268646710.0,IBXX
VAMO3,VAMOS,ON      NM,0.055,448052066.0,IBXX
VBBR3,VIBRA,ON      NM,1.556,1192004780.0,IBXX
VIVA3,VIVARA S.A.,ON      NM,0.103,123698325.0,IBXX
WEGE3,WEG,ON      NM,2.698,1485954732.0,IBXX
YDUQ3,YDUQS PART,ON      NM,0.081,261365845.0,IBXX
TTEN3,3TENTOS,ON      NM,0.049,113066386.0,IBRA
ABCB4,ABC BRASIL,PN      N2,0.069,78936556.0,IBRA
ALOS3,ALLOS,ON      NM,0.479,478558715.0,IBRA
ALPA4,ALPARGATAS,PN      N1,0.058,128924117.0,IBRA
ALUP11,ALUPAR,UNT     N2,0.188,157537587.0,IBRA
ABEV3,AMBEV S/A,ON,2.464,4273841357.0,IBRA
ANIM3,ANIMA,ON      NM,0.02,256720485.0,IBRA
ARML3,ARMAC,ON      NM,0.022,172086226.0,IBRA
ASAI3,ASSAI,ON      NM,0.43,1338623499.0,IBRA
AURE3,AUREN,ON      NM,0.129,317799925.0,IBRA
AXIA3,AXIA ENERGIA,ON      NM,4.216,2156759550.0,IBRA
AZZA3,AZZAS 2154,ON      NM,0.064,109571260.0,IBRA
B3SA3,B3,ON      NM,2.828,4997059816.0,IBRA
BRSR6,BANRISUL,PNB     N1,0.106,202536440.0,IBRA
BBSE3,BBSEGURIDADE,ON      NM,0.935,616248544.0,IBRA
BMOB3,BEMOBI TECH,ON      NM,0.069,79319310.0,IBRA
BLAU3,BLAU,ON      NM,0.012,38584960.0,IBRA
SOJA3,BOA SAFRA,ON      NM,0.012,58542883.0,IBRA
BRBI11,BR PARTNERS,UNT     N2,0.025,47238057.0,IBRA
BBDC3,BRADESCO,ON  EJS N1,0.888,1548223583.0,IBRA
BBDC4,BRADESCO,PN  EJS N1,3.543,5392761254.0,IBRA
BRAP4,BRADESPAR,PN      N1,0.201,250914708.0,IBRA
SAUD3,BRADSAUDE,ON      NM,0.132,251735971.0,IBRA
BBAS3,BRASIL,ON      NM,2.178,2842496541.0,IBRA
BRKM5,BRASKEM,PNA     N1,0.057,265709734.0,IBRA
BRAV3,BRAVA,ON      NM,0.245,346772300.0,IBRA
BPAC11,BTGP BANCO,UNT     N2,2.47,1194624560.0,IBRA
CXSE3,CAIXA SEGURI,ON  ED  NM,0.425,600000000.0,IBRA
CAML3,CAMIL,ON      NM,0.016,96218424.0,IBRA
BHIA3,CASAS BAHIA,ON      NM,0.004,143421097.0,IBRA
CBAV3,CBA,ON      NM,0.083,204441277.0,IBRA
CEAB3,CEA MODAS,ON      NM,0.07,204964309.0,IBRA
CMIG4,CEMIG,PN      N1,0.78,1904057894.0,IBRA
COGN3,COGNA ON,ON  ATZ NM,0.155,1915914094.0,IBRA
CSMG3,COPASA,ON      NM,0.834,359581776.0,IBRA
CPLE3,COPEL,ON      NM,1.606,2969406694.0,IBRA
CSAN3,COSAN,ON      NM,0.319,2242671999.0,IBRA
CPFE3,CPFL ENERGIA,ON      NM,0.315,187732538.0,IBRA
CMIN3,CSNMINERACAO,ON      N2,0.353,1646519336.0,IBRA
CURY3,CURY S/A,ON      NM,0.188,160988231.0,IBRA
CVCB3,CVC BRASIL,ON      NM,0.023,408009727.0,IBRA
CYRE3,CYRELA REALT,ON      NM,0.222,281609283.0,IBRA
DASA3,DASA,ON      NM,0.018,177124938.0,IBRA
DESK3,DESKTOP,ON      NM,0.024,34835856.0,IBRA
DXCO3,DEXCO,ON      NM,0.062,336842147.0,IBRA
PNVL3,DIMED,ON      NM,0.037,82405671.0,IBRA
DIRR3,DIRECIONAL,ON      NM,0.141,327091595.0,IBRA
ECOR3,ECORODOVIAS,ON      NM,0.086,328954615.0,IBRA
EMBJ3,EMBRAER,ON      NM,2.41,711833141.0,IBRA
ENGI11,ENERGISA,UNT     N2,0.595,325503046.0,IBRA
ENEV3,ENEVA,ON      NM,1.879,1913352180.0,IBRA
EGIE3,ENGIE BRASIL,ON      NM,0.481,443065303.0,IBRA
EQTL3,EQUATORIAL,ON      NM,1.779,1247728993.0,IBRA
EVEN3,EVEN,ON      NM,0.032,185333384.0,IBRA
EZTC3,EZTEC,ON      NM,0.05,121216090.0,IBRA
FESA4,FERBASA,PN      N1,0.032,147407600.0,IBRA
FLRY3,FLEURY,ON      NM,0.282,447150822.0,IBRA
FRAS3,FRAS-LE,ON      N1,0.077,107111030.0,IBRA
GFSA3,GAFISA,ON      NM,0.002,193423606.0,IBRA
GGBR4,GERDAU,PN      N1,1.205,1258208269.0,IBRA
GOAU4,GERDAU MET,PN      N1,0.348,830837767.0,IBRA
GGPS3,GPS,ON      NM,0.134,314841214.0,IBRA
GRND3,GRENDENE,ON      NM,0.031,236867166.0,IBRA
GMAT3,GRUPO MATEUS,ON      NM,0.065,457961064.0,IBRA
SBFG3,GRUPO SBF,ON      NM,0.044,128452352.0,IBRA
HAPV3,HAPVIDA,ON      NM,0.11,271662290.0,IBRA
HBOR3,HELBOR,ON      NM,0.005,65595478.0,IBRA
HBSA3,HIDROVIAS,ON      NM,0.061,543551243.0,IBRA
HYPE3,HYPERA,ON      NM,0.251,321083946.0,IBRA
IGTI11,IGUATEMI S.A,UNT     N1,0.187,205800982.0,IBRA
INTB3,INTELBRAS,ON  ED  NM,0.063,113898409.0,IBRA
MYPK3,IOCHP-MAXION,ON      NM,0.047,138703243.0,IBRA
RANI3,IRANI,ON      NM,0.031,100436772.0,IBRA
IRBR3,IRBBRASIL RE,ON      NM,0.161,81534304.0,IBRA
ISAE4,ISA ENERGIA,PN      N1,0.447,460013216.0,IBRA
ITSA4,ITAUSA,PN      N1,2.984,5970738360.0,IBRA
ITUB3,ITAUUNIBANCO,ON  EJ  N1,0.75,456130473.0,IBRA
ITUB4,ITAUUNIBANCO,PN  EJ  N1,8.252,5349695485.0,IBRA
JHSF3,JHSF PART,ON  ED  NM,0.103,260721097.0,IBRA
JSLG3,JSL,ON      NM,0.018,84133393.0,IBRA
KEPL3,KEPLER WEBER,ON      NM,0.039,173082697.0,IBRA
KLBN11,KLABIN S/A,UNT     N2,0.546,804572623.0,IBRA
LAVV3,LAVVI,ON      NM,0.029,74230129.0,IBRA
RENT3,LOCALIZA,ON      NM,1.396,978479038.0,IBRA
LOGG3,LOG COM PROP,ON      NM,0.048,51533220.0,IBRA
LREN3,LOJAS RENNER,ON      NM,0.489,982593716.0,IBRA
LWSA3,LWSA,ON      NM,0.053,374338847.0,IBRA
MDIA3,M.DIASBRANCO,ON      NM,0.042,64887799.0,IBRA
MGLU3,MAGAZ LUIZA,ON      NM,0.065,373155063.0,IBRA
POMO3,MARCOPOLO,ON      N2,0.032,203825655.0,IBRA
POMO4,MARCOPOLO,PN      N2,0.124,728266241.0,IBRA
MBRF3,MARFRIG,ON  ATZ NM,0.465,761175338.0,IBRA
CASH3,MELIUZ,ON      NM,0.015,93078828.0,IBRA
LEVE3,METAL LEVE,ON      NM,0.062,52865876.0,IBRA
MILS3,MILLS,ON      NM,0.062,108722880.0,IBRA
BEEF3,MINERVA,ON      NM,0.06,454804863.0,IBRA
MOTV3,MOTIVA SA,ON      NM,0.546,1002196725.0,IBRA
MDNE3,MOURA DUBEUX,ON      NM,0.057,62112530.0,IBRA
MOVI3,MOVIDA,ON  ES  NM,0.048,165088193.0,IBRA
MRVE3,MRV,ON      NM,0.064,374681353.0,IBRA
MULT3,MULTIPLAN,ON      N2,0.334,320022221.0,IBRA
NATU3,NATURA,ON      NM,0.253,838359453.0,IBRA
ORVR3,ORIZON,ON      NM,0.142,54399873.0,IBRA
PGMN3,PAGUE MENOS,ON      NM,0.039,303890693.0,IBRA
PETR3,PETROBRAS,ON      N2,5.969,3478483761.0,IBRA
PETR4,PETROBRAS,PN      N2,6.732,4410960450.0,IBRA
RECV3,PETRORECSA,ON      NM,0.101,274624898.0,IBRA
AUAU3,PETZCOBASI,ON      NM,0.027,205617553.0,IBRA
PINE4,PINE,PN      N2,0.034,70606588.0,IBRA
PLPL3,PLANOEPLANO,ON      NM,0.015,54395641.0,IBRA
PSSA3,PORTO SEGURO,ON      NM,0.348,178825403.0,IBRA
POSI3,POSITIVO TEC,ON      NM,0.009,72078995.0,IBRA
PRNR3,PRINER,ON      NM,0.039,55925047.0,IBRA
PRIO3,PRIO,ON      NM,1.631,757265605.0,IBRA
QUAL3,QUALICORP,ON      NM,0.016,279655194.0,IBRA
LJQQ3,QUERO-QUERO,ON      NM,0.009,195194199.0,IBRA
RADL3,RAIADROGASIL,ON      NM,0.983,1313915830.0,IBRA
RAPT4,RANDON PART,PN      N1,0.033,176793154.0,IBRA
RCSL4,RECRUSUL,PN,0.002,74949368.0,IBRA
RDOR3,REDE D OR,ON      NM,1.369,1091469308.0,IBRA
RIAA3,RIACHUELO,ON      NM,0.024,84545496.0,IBRA
RAIL3,RUMO S.A.,ON      NM,0.621,1221155293.0,IBRA
SBSP3,SABESP,ON      NM,3.537,3506733260.0,IBRA
SAPR11,SANEPAR,UNT     N2,0.255,201077478.0,IBRA
SANB11,SANTANDER BR,UNT,0.387,360347199.0,IBRA
SMTO3,SAO MARTINHO,ON      NM,0.064,123583436.0,IBRA
SEER3,SER EDUCA,ON      NM,0.022,50527159.0,IBRA
CSNA3,SID NACIONAL,ON,0.13,727975012.0,IBRA
SIMH3,SIMPAR,ON      NM,0.038,135653148.0,IBRA
SLCE3,SLC AGRICOLA,ON      NM,0.108,220403658.0,IBRA
SMFT3,SMART FIT,ON      NM,0.404,556651316.0,IBRA
SUZB3,SUZANO S.A.,ON      NM,0.956,612918471.0,IBRA
SYNE3,SYN PROP TEC,ON      NM,0.009,59381237.0,IBRA
TAEE11,TAESA,UNT     N2,0.318,218568234.0,IBRA
TGMA3,TEGMA,ON      NM,0.039,31994720.0,IBRA
VIVT3,TELEF BRASIL,ON  EJ,0.803,707125712.0,IBRA
TEND3,TENDA,ON      NM,0.14,114768786.0,IBRA
TIMS3,TIM,ON      NM,0.529,777451080.0,IBRA
TOTS3,TOTVS,ON      NM,0.632,533997411.0,IBRA
TFCO4,TRACK FIELD,PN      N2,0.027,49474393.0,IBRA
TUPY3,TUPY,ON      NM,0.074,130913780.0,IBRA
UGPA3,ULTRAPAR,ON      NM,1.26,1067870496.0,IBRA
UNIP6,UNIPAR,PNB,0.114,49483367.0,IBRA
USIM5,USIMINAS,PNA     N1,0.141,518256757.0,IBRA
VALE3,VALE,ON      NM,11.91,4268646710.0,IBRA
VLID3,VALID,ON      NM,0.051,75830365.0,IBRA
VAMO3,VAMOS,ON      NM,0.054,448052066.0,IBRA
VBBR3,VIBRA,ON      NM,1.522,1192004780.0,IBRA
VTRU3,VITRUEDUCA,ON      NM,0.066,140102964.0,IBRA
VIVA3,VIVARA S.A.,ON      NM,0.1,123698325.0,IBRA
VULC3,VULCABRAS,ON      NM,0.056,110618680.0,IBRA
WEGE3,WEG,ON      NM,2.639,1485954732.0,IBRA
YDUQ3,YDUQS PART,ON      NM,0.077,261365845.0,IBRA
TTEN3,3TENTOS,ON      NM,0.403,113066386.0,SMLL
ABCB4,ABC BRASIL,PN      N2,0.577,78936556.0,SMLL
ALOS3,ALLOS,ON      NM,3.978,478558715.0,SMLL
ALPA4,ALPARGATAS,PN      N1,0.485,128924117.0,SMLL
ALUP11,ALUPAR,UNT     N2,1.56,157537587.0,SMLL
ANIM3,ANIMA,ON      NM,0.167,256720485.0,SMLL
ARML3,ARMAC,ON      NM,0.184,172086226.0,SMLL
ASAI3,ASSAI,ON      NM,3.574,1338623499.0,SMLL
AURE3,AUREN,ON      NM,1.073,317799925.0,SMLL
AZZA3,AZZAS 2154,ON      NM,0.529,109571260.0,SMLL
BRSR6,BANRISUL,PNB     N1,0.881,202536440.0,SMLL
BMOB3,BEMOBI TECH,ON      NM,0.574,79319310.0,SMLL
BLAU3,BLAU,ON      NM,0.104,38584960.0,SMLL
SOJA3,BOA SAFRA,ON      NM,0.097,58542883.0,SMLL
BRBI11,BR PARTNERS,UNT     N2,0.206,47238057.0,SMLL
BRAP4,BRADESPAR,PN      N1,1.669,250914708.0,SMLL
SAUD3,BRADSAUDE,ON      NM,1.102,251735971.0,SMLL
BRKM5,BRASKEM,PNA     N1,0.472,265709734.0,SMLL
BRAV3,BRAVA,ON      NM,2.04,346772300.0,SMLL
CAML3,CAMIL,ON      NM,0.136,96218424.0,SMLL
BHIA3,CASAS BAHIA,ON      NM,0.036,143421097.0,SMLL
CBAV3,CBA,ON      NM,0.687,204441277.0,SMLL
CEAB3,CEA MODAS,ON      NM,0.579,204964309.0,SMLL
COGN3,COGNA ON,ON  ATZ NM,1.286,1915914094.0,SMLL
CSMG3,COPASA,ON      NM,6.928,359581776.0,SMLL
CSAN3,COSAN,ON      NM,2.652,2242671999.0,SMLL
CURY3,CURY S/A,ON      NM,1.559,160988231.0,SMLL
CVCB3,CVC BRASIL,ON      NM,0.191,408009727.0,SMLL
CYRE3,CYRELA REALT,ON      NM,1.841,281609283.0,SMLL
DASA3,DASA,ON      NM,0.152,177124938.0,SMLL
DESK3,DESKTOP,ON      NM,0.196,34835856.0,SMLL
DXCO3,DEXCO,ON      NM,0.517,336842147.0,SMLL
PNVL3,DIMED,ON      NM,0.31,82405671.0,SMLL
DIRR3,DIRECIONAL,ON      NM,1.168,327091595.0,SMLL
ECOR3,ECORODOVIAS,ON      NM,0.72,328954615.0,SMLL
EVEN3,EVEN,ON      NM,0.264,185333384.0,SMLL
EZTC3,EZTEC,ON      NM,0.412,121216090.0,SMLL
FESA4,FERBASA,PN      N1,0.266,147407600.0,SMLL
FLRY3,FLEURY,ON      NM,2.347,447150822.0,SMLL
FRAS3,FRAS-LE,ON      N1,0.637,107111030.0,SMLL
GFSA3,GAFISA,ON      NM,0.015,193423606.0,SMLL
GOAU4,GERDAU MET,PN      N1,2.897,830837767.0,SMLL
GGPS3,GPS,ON      NM,1.112,314841214.0,SMLL
GRND3,GRENDENE,ON      NM,0.257,236867166.0,SMLL
GMAT3,GRUPO MATEUS,ON      NM,0.539,457961064.0,SMLL
SBFG3,GRUPO SBF,ON      NM,0.364,128452352.0,SMLL
HAPV3,HAPVIDA,ON      NM,0.913,271662290.0,SMLL
HBOR3,HELBOR,ON      NM,0.04,65595478.0,SMLL
HBSA3,HIDROVIAS,ON      NM,0.514,543551243.0,SMLL
HYPE3,HYPERA,ON      NM,2.084,321083946.0,SMLL
IGTI11,IGUATEMI S.A,UNT     N1,1.555,205800982.0,SMLL
INTB3,INTELBRAS,ON  ED  NM,0.521,113898409.0,SMLL
MYPK3,IOCHP-MAXION,ON      NM,0.39,138703243.0,SMLL
RANI3,IRANI,ON      NM,0.255,100436772.0,SMLL
IRBR3,IRBBRASIL RE,ON      NM,1.336,81534304.0,SMLL
JHSF3,JHSF PART,ON  ED  NM,0.855,260721097.0,SMLL
JSLG3,JSL,ON      NM,0.146,84133393.0,SMLL
KEPL3,KEPLER WEBER,ON      NM,0.33,173082697.0,SMLL
LAVV3,LAVVI,ON      NM,0.237,74230129.0,SMLL
LOGG3,LOG COM PROP,ON      NM,0.402,51533220.0,SMLL
LREN3,LOJAS RENNER,ON      NM,4.062,982593716.0,SMLL
LWSA3,LWSA,ON      NM,0.444,374338847.0,SMLL
MDIA3,M.DIASBRANCO,ON      NM,0.345,64887799.0,SMLL
MGLU3,MAGAZ LUIZA,ON      NM,0.541,373155063.0,SMLL
POMO3,MARCOPOLO,ON      N2,0.268,203825655.0,SMLL
POMO4,MARCOPOLO,PN      N2,1.026,728266241.0,SMLL
CASH3,MELIUZ,ON      NM,0.129,93078828.0,SMLL
LEVE3,METAL LEVE,ON      NM,0.518,52865876.0,SMLL
MILS3,MILLS,ON      NM,0.513,108722880.0,SMLL
BEEF3,MINERVA,ON      NM,0.497,454804863.0,SMLL
MDNE3,MOURA DUBEUX,ON      NM,0.471,62112530.0,SMLL
MOVI3,MOVIDA,ON  ES  NM,0.397,165088193.0,SMLL
MRVE3,MRV,ON      NM,0.534,374681353.0,SMLL
MULT3,MULTIPLAN,ON      N2,2.778,320022221.0,SMLL
NATU3,NATURA,ON      NM,2.104,838359453.0,SMLL
ORVR3,ORIZON,ON      NM,1.177,54399873.0,SMLL
PGMN3,PAGUE MENOS,ON      NM,0.323,303890693.0,SMLL
RECV3,PETRORECSA,ON      NM,0.84,274624898.0,SMLL
AUAU3,PETZCOBASI,ON      NM,0.225,205617553.0,SMLL
PLPL3,PLANOEPLANO,ON      NM,0.121,54395641.0,SMLL
POSI3,POSITIVO TEC,ON      NM,0.075,72078995.0,SMLL
PRNR3,PRINER,ON      NM,0.32,55925047.0,SMLL
QUAL3,QUALICORP,ON      NM,0.134,279655194.0,SMLL
LJQQ3,QUERO-QUERO,ON      NM,0.076,195194199.0,SMLL
RAPT4,RANDON PART,PN      N1,0.271,176793154.0,SMLL
RCSL4,RECRUSUL,PN,0.018,74949368.0,SMLL
RIAA3,RIACHUELO,ON      NM,0.199,84545496.0,SMLL
SAPR11,SANEPAR,UNT     N2,2.117,201077478.0,SMLL
SMTO3,SAO MARTINHO,ON      NM,0.534,123583436.0,SMLL
SEER3,SER EDUCA,ON      NM,0.186,50527159.0,SMLL
CSNA3,SID NACIONAL,ON,1.077,727975012.0,SMLL
SIMH3,SIMPAR,ON      NM,0.314,135653148.0,SMLL
SLCE3,SLC AGRICOLA,ON      NM,0.9,220403658.0,SMLL
SMFT3,SMART FIT,ON      NM,3.357,556651316.0,SMLL
SYNE3,SYN PROP TEC,ON      NM,0.073,59381237.0,SMLL
TAEE11,TAESA,UNT     N2,2.648,218568234.0,SMLL
TGMA3,TEGMA,ON      NM,0.325,31994720.0,SMLL
TEND3,TENDA,ON      NM,1.161,114768786.0,SMLL
TOTS3,TOTVS,ON      NM,5.25,533997411.0,SMLL
TFCO4,TRACK FIELD,PN      N2,0.224,49474393.0,SMLL
TUPY3,TUPY,ON      NM,0.613,130913780.0,SMLL
UNIP6,UNIPAR,PNB,0.95,49483367.0,SMLL
USIM5,USIMINAS,PNA     N1,1.169,518256757.0,SMLL
VLID3,VALID,ON      NM,0.42,75830365.0,SMLL
VAMO3,VAMOS,ON      NM,0.45,448052066.0,SMLL
VTRU3,VITRUEDUCA,ON      NM,0.549,140102964.0,SMLL
VIVA3,VIVARA S.A.,ON      NM,0.834,123698325.0,SMLL
VULC3,VULCABRAS,ON      NM,0.467,110618680.0,SMLL
YDUQ3,YDUQS PART,ON      NM,0.655,261365845.0,SMLL
TTEN3,3TENTOS,ON      NM,0.059,226132772.0,IGCX
ABCB4,ABC BRASIL,PN      N2,0.063,118404834.0,IGCX
AERI3,AERIS,ON      NM,0.003,58017090.0,IGCX
ALLD3,ALLIED,ON      NM,0.01,93548392.0,IGCX
ALOS3,ALLOS,ON      NM,0.578,957117430.0,IGCX
ALPA3,ALPARGATAS,ON      N1,0.002,10704358.0,IGCX
ALPA4,ALPARGATAS,PN      N1,0.035,128924117.0,IGCX
ALUP11,ALUPAR,UNT     N2,0.17,236306380.0,IGCX
ANIM3,ANIMA,ON      NM,0.024,513440970.0,IGCX
ARML3,ARMAC,ON      NM,0.027,344172452.0,IGCX
ASAI3,ASSAI,ON      NM,0.52,2677246998.0,IGCX
AURE3,AUREN,ON      NM,0.156,635599850.0,IGCX
AMOB3,AUTOMOB,ON      NM,0.006,21406264.0,IGCX
AXIA3,AXIA ENERGIA,ON      NM,5.094,4313519100.0,IGCX
AZZA3,AZZAS 2154,ON      NM,0.077,219142520.0,IGCX
B3SA3,B3,ON      NM,3.417,9994119632.0,IGCX
BMGB4,BANCO BMG,PN      N1,0.018,146209043.0,IGCX
BRSR3,BANRISUL,ON      N1,0.001,3829176.0,IGCX
BRSR6,BANRISUL,PNB     N1,0.064,202536440.0,IGCX
BBSE3,BBSEGURIDADE,ON      NM,1.129,1232497088.0,IGCX
BMOB3,BEMOBI TECH,ON      NM,0.083,158638620.0,IGCX
BLAU3,BLAU,ON      NM,0.016,77169920.0,IGCX
SOJA3,BOA SAFRA,ON      NM,0.014,117085766.0,IGCX
BRBI11,BR PARTNERS,UNT     N2,0.022,70857085.0,IGCX
BBDC3,BRADESCO,ON  EJS N1,0.536,1548223583.0,IGCX
BBDC4,BRADESCO,PN  EJS N1,2.14,5392761254.0,IGCX
BRAP3,BRADESPAR,ON      N1,0.013,30327123.0,IGCX
BRAP4,BRADESPAR,PN      N1,0.121,250914708.0,IGCX
SAUD3,BRADSAUDE,ON      NM,0.16,503471942.0,IGCX
BBAS3,BRASIL,ON      NM,2.632,5684993082.0,IGCX
AGRO3,BRASILAGRO,ON      NM,0.051,126614516.0,IGCX
BRKM3,BRASKEM,ON      N1,0.001,12907077.0,IGCX
BRKM5,BRASKEM,PNA     N1,0.034,265709734.0,IGCX
BRAV3,BRAVA,ON      NM,0.297,693544600.0,IGCX
BRST3,BRISANET,ON      NM,0.01,165808436.0,IGCX
BPAC11,BTGP BANCO,UNT     N2,2.238,1791936840.0,IGCX
CXSE3,CAIXA SEGURI,ON  ED  NM,0.514,1200000000.0,IGCX
CAML3,CAMIL,ON      NM,0.02,192436848.0,IGCX
BHIA3,CASAS BAHIA,ON      NM,0.005,286842194.0,IGCX
CBAV3,CBA,ON      NM,0.1,408882554.0,IGCX
CEAB3,CEA MODAS,ON      NM,0.084,409928618.0,IGCX
CEDO4,CEDRO,PN      N1,0.001,3737951.0,IGCX
CLSC4,CELESC,PN  EJ  N2,0.11,34220194.0,IGCX
CMIG3,CEMIG,ON      N1,0.169,469061115.0,IGCX
CMIG4,CEMIG,PN      N1,0.471,1904057894.0,IGCX
COGN3,COGNA ON,ON  ATZ NM,0.187,3831828188.0,IGCX
CSMG3,COPASA,ON      NM,1.007,719163552.0,IGCX
CPLE3,COPEL,ON      NM,1.94,5938813388.0,IGCX
CSAN3,COSAN,ON      NM,0.386,4485343998.0,IGCX
CPFE3,CPFL ENERGIA,ON      NM,0.38,375465076.0,IGCX
CSED3,CRUZEIRO EDU,ON      NM,0.01,90351024.0,IGCX
CMIN3,CSNMINERACAO,ON      N2,0.32,2469779004.0,IGCX
CSUD3,CSU DIGITAL,ON      NM,0.012,37239194.0,IGCX
CURY3,CURY S/A,ON      NM,0.227,321976462.0,IGCX
CVCB3,CVC BRASIL,ON      NM,0.028,816019454.0,IGCX
CYRE3,CYRELA REALT,ON      NM,0.268,563218566.0,IGCX
DMVF3,D1000VFARMA,ON      NM,0.005,31855210.0,IGCX
DASA3,DASA,ON      NM,0.022,354249876.0,IGCX
DESK3,DESKTOP,ON      NM,0.028,69671712.0,IGCX
DXCO3,DEXCO,ON      NM,0.075,673684294.0,IGCX
DEXP3,DEXXOS PAR,ON      N1,0.018,114612247.0,IGCX
DEXP4,DEXXOS PAR,PN      N1,0.001,6086842.0,IGCX
PNVL3,DIMED,ON      NM,0.045,164811342.0,IGCX
DIRR3,DIRECIONAL,ON      NM,0.17,654183190.0,IGCX
DOTZ3,DOTZ SA,ON      NM,0.001,8152474.0,IGCX
ECOM3,ECONOMATICA,ON      NM,0.0,20495252.0,IGCX
ECOR3,ECORODOVIAS,ON      NM,0.105,657909230.0,IGCX
EMBJ3,EMBRAER,ON      NM,2.911,1423666282.0,IGCX
ENGI11,ENERGISA,UNT     N2,0.54,488254569.0,IGCX
ENEV3,ENEVA,ON      NM,2.27,3826704360.0,IGCX
EGIE3,ENGIE BRASIL,ON      NM,0.581,886130606.0,IGCX
ENJU3,ENJOEI,ON      NM,0.004,251892848.0,IGCX
EQTL3,EQUATORIAL,ON      NM,2.15,2495457986.0,IGCX
ESPA3,ESPACOLASER,ON      NM,0.008,50013762.0,IGCX
ALPK3,ESTAPAR,ON      NM,0.006,65851336.0,IGCX
ETER3,ETERNIT,ON      NM,0.01,123179528.0,IGCX
EUCA3,EUCATEX,ON      N1,0.0,583249.0,IGCX
EUCA4,EUCATEX,PN      N1,0.026,50586830.0,IGCX
EVEN3,EVEN,ON      NM,0.039,370666768.0,IGCX
EZTC3,EZTEC,ON      NM,0.06,242432180.0,IGCX
FHER3,FER HERINGER,ON      NM,0.001,10795992.0,IGCX
FESA3,FERBASA,ON      N1,0.0,1240216.0,IGCX
FESA4,FERBASA,PN      N1,0.019,147407600.0,IGCX
FLRY3,FLEURY,ON      NM,0.341,894301644.0,IGCX
FRAS3,FRAS-LE,ON      N1,0.046,107111030.0,IGCX
GFSA3,GAFISA,ON      NM,0.003,386847212.0,IGCX
GGBR3,GERDAU,ON      N1,0.007,14410504.0,IGCX
GGBR4,GERDAU,PN      N1,0.728,1258208269.0,IGCX
GOAU3,GERDAU MET,ON      N1,0.028,121268100.0,IGCX
GOAU4,GERDAU MET,PN      N1,0.211,830837767.0,IGCX
GGPS3,GPS,ON      NM,0.162,629682428.0,IGCX
GRND3,GRENDENE,ON      NM,0.037,473734332.0,IGCX
GMAT3,GRUPO MATEUS,ON      NM,0.078,915922128.0,IGCX
SBFG3,GRUPO SBF,ON      NM,0.053,256904704.0,IGCX
HAPV3,HAPVIDA,ON      NM,0.133,543324580.0,IGCX
HBRE3,HBR REALTY,ON      NM,0.005,95336132.0,IGCX
HBOR3,HELBOR,ON      NM,0.005,131190956.0,IGCX
HBSA3,HIDROVIAS,ON      NM,0.075,1087102486.0,IGCX
HYPE3,HYPERA,ON      NM,0.303,642167892.0,IGCX
IGTI11,IGUATEMI S.A,UNT     N1,0.113,205800982.0,IGCX
MEAL3,IMC S/A,ON      NM,0.007,567565680.0,IGCX
INTB3,INTELBRAS,ON  ED  NM,0.076,227796818.0,IGCX
MYPK3,IOCHP-MAXION,ON      NM,0.057,277406486.0,IGCX
RANI3,IRANI,ON      NM,0.037,200873544.0,IGCX
IRBR3,IRBBRASIL RE,ON      NM,0.194,163068608.0,IGCX
ISAE3,ISA ENERGIA,ON      N1,0.019,27080900.0,IGCX
ISAE4,ISA ENERGIA,PN      N1,0.27,460013216.0,IGCX
ITSA3,ITAUSA,ON      N1,0.423,1390174031.0,IGCX
ITSA4,ITAUSA,PN      N1,1.802,5970738360.0,IGCX
ITUB3,ITAUUNIBANCO,ON  EJ  N1,0.454,456130473.0,IGCX
ITUB4,ITAUUNIBANCO,PN  EJ  N1,4.985,5349695485.0,IGCX
JALL3,JALLESMACHAD,ON      NM,0.009,193645380.0,IGCX
JHSF3,JHSF PART,ON  ED  NM,0.124,521442194.0,IGCX
JSLG3,JSL,ON      NM,0.021,168266786.0,IGCX
KEPL3,KEPLER WEBER,ON      NM,0.048,346165394.0,IGCX
KLBN11,KLABIN S/A,UNT     N2,0.495,1206858934.0,IGCX
LAVV3,LAVVI,ON      NM,0.034,148460258.0,IGCX
RENT3,LOCALIZA,ON      NM,1.687,1956958076.0,IGCX
LOGG3,LOG COM PROP,ON      NM,0.058,103066440.0,IGCX
LOGN3,LOG-IN,ON      NM,0.032,52292380.0,IGCX
LREN3,LOJAS RENNER,ON      NM,0.591,1965187432.0,IGCX
LPSB3,LOPES BRASIL,ON      NM,0.007,207621514.0,IGCX
LWSA3,LWSA,ON      NM,0.064,748677694.0,IGCX
MDIA3,M.DIASBRANCO,ON      NM,0.05,129775598.0,IGCX
MGLU3,MAGAZ LUIZA,ON      NM,0.079,746310126.0,IGCX
POMO3,MARCOPOLO,ON      N2,0.029,305738482.0,IGCX
POMO4,MARCOPOLO,PN      N2,0.112,1092399361.0,IGCX
MBRF3,MARFRIG,ON  ATZ NM,0.561,1522350676.0,IGCX
MATD3,MATER DEI,ON      NM,0.013,116308608.0,IGCX
CASH3,MELIUZ,ON      NM,0.019,186157656.0,IGCX
MELK3,MELNICK,ON      NM,0.019,304667114.0,IGCX
BMEB3,MERCANTIL,ON      N1,0.035,31147991.0,IGCX
BMEB4,MERCANTIL,PN      N1,0.034,26808249.0,IGCX
LEVE3,METAL LEVE,ON      NM,0.075,105731752.0,IGCX
MILS3,MILLS,ON      NM,0.075,217445760.0,IGCX
BEEF3,MINERVA,ON      NM,0.072,909609726.0,IGCX
MTRE3,MITRE REALTY,ON      NM,0.008,125335826.0,IGCX
MOTV3,MOTIVA SA,ON      NM,0.66,2004393450.0,IGCX
MDNE3,MOURA DUBEUX,ON      NM,0.069,124225060.0,IGCX
MOVI3,MOVIDA,ON  ES  NM,0.058,330176386.0,IGCX
MRVE3,MRV,ON      NM,0.077,749362706.0,IGCX
MLAS3,MULTILASER,ON      NM,0.03,766997122.0,IGCX
MULT3,MULTIPLAN,ON      N2,0.303,480033331.0,IGCX
NATU3,NATURA,ON      NM,0.306,1676718906.0,IGCX
OPCT3,OCEANPACT,ON      NM,0.063,253601824.0,IGCX
ORVR3,ORIZON,ON      NM,0.171,108799746.0,IGCX
OFSA3,OUROFINO S/A,ON      NM,0.027,46331466.0,IGCX
PDTC3,PADTEC,ON      NM,0.003,71087722.0,IGCX
PGMN3,PAGUE MENOS,ON      NM,0.047,607781386.0,IGCX
PDGR3,PDG REALT,ON      NM,0.0,6574970.0,IGCX
PETR3,PETROBRAS,ON      N2,5.409,5217725641.0,IGCX
PETR4,PETROBRAS,PN      N2,6.1,6616440675.0,IGCX
RECV3,PETRORECSA,ON      NM,0.122,549249796.0,IGCX
AUAU3,PETZCOBASI,ON      NM,0.033,411235106.0,IGCX
PINE3,PINE,ON      N2,0.001,5039391.0,IGCX
PINE4,PINE,PN      N2,0.031,105909882.0,IGCX
PLPL3,PLANOEPLANO,ON      NM,0.018,108791282.0,IGCX
PSSA3,PORTO SEGURO,ON      NM,0.42,357650806.0,IGCX
PTBL3,PORTOBELLO,ON      NM,0.003,89619694.0,IGCX
POSI3,POSITIVO TEC,ON      NM,0.011,144157990.0,IGCX
PRNR3,PRINER,ON      NM,0.047,111850094.0,IGCX
PRIO3,PRIO,ON      NM,1.971,1514531210.0,IGCX
PFRM3,PROFARMA,ON      NM,0.013,80478828.0,IGCX
QUAL3,QUALICORP,ON      NM,0.019,559310388.0,IGCX
LJQQ3,QUERO-QUERO,ON      NM,0.011,390388398.0,IGCX
RADL3,RAIADROGASIL,ON      NM,1.187,2627831660.0,IGCX
RAPT3,RANDON PART,ON      N1,0.003,21322766.0,IGCX
RAPT4,RANDON PART,PN      N1,0.02,176793154.0,IGCX
CCTY3,RDVC CITY,ON      NM,0.0,306928.0,IGCX
RDOR3,REDE D OR,ON      NM,1.653,2182938616.0,IGCX
RNEW3,RENOVA,ON      N2,0.001,34020327.0,IGCX
RNEW4,RENOVA,PN      N2,0.001,38775580.0,IGCX
RIAA3,RIACHUELO,ON      NM,0.029,169090992.0,IGCX
ROMI3,ROMI,ON      NM,0.012,94691474.0,IGCX
RAIL3,RUMO S.A.,ON      NM,0.751,2442310586.0,IGCX
SBSP3,SABESP,ON      NM,4.273,7013466520.0,IGCX
SAPR11,SANEPAR,UNT     N2,0.231,301616217.0,IGCX
SCAR3,SAO CARLOS,ON      NM,0.014,47707296.0,IGCX
SMTO3,SAO MARTINHO,ON      NM,0.078,247166872.0,IGCX
SEER3,SER EDUCA,ON      NM,0.027,101054318.0,IGCX
SIMH3,SIMPAR,ON      NM,0.046,271306296.0,IGCX
SLCE3,SLC AGRICOLA,ON      NM,0.131,440807316.0,IGCX
SMFT3,SMART FIT,ON      NM,0.488,1113302632.0,IGCX
SUZB3,SUZANO S.A.,ON      NM,1.155,1225836942.0,IGCX
SYNE3,SYN PROP TEC,ON      NM,0.01,118762474.0,IGCX
TAEE11,TAESA,UNT     N2,0.289,327852351.0,IGCX
TASA3,TAURUS ARMAS,ON      N2,0.001,12819961.0,IGCX
TASA4,TAURUS ARMAS,PN      N2,0.012,111483385.0,IGCX
TECN3,TECHNOS,ON      NM,0.007,34489234.0,IGCX
TCSA3,TECNISA,ON      NM,0.002,89799436.0,IGCX
TGMA3,TEGMA,ON      NM,0.047,63989440.0,IGCX
TEND3,TENDA,ON      NM,0.169,229537572.0,IGCX
LAND3,TERRASANTAPA,ON      NM,0.021,97992160.0,IGCX
TIMS3,TIM,ON      NM,0.639,1554902160.0,IGCX
TOTS3,TOTVS,ON      NM,0.763,1067994822.0,IGCX
TFCO4,TRACK FIELD,PN      N2,0.024,74211589.0,IGCX
TRIS3,TRISUL,ON      NM,0.017,179337382.0,IGCX
TPIS3,TRIUNFO PART,ON      NM,0.007,37045042.0,IGCX
TUPY3,TUPY,ON      NM,0.089,261827560.0,IGCX
UGPA3,ULTRAPAR,ON      NM,1.522,2135740992.0,IGCX
UCAS3,UNICASA,ON      NM,0.002,57016876.0,IGCX
FIQE3,UNIFIQUE,ON      NM,0.023,199054494.0,IGCX
USIM3,USIMINAS,ON      N1,0.024,167748403.0,IGCX
USIM5,USIMINAS,PNA     N1,0.085,518256757.0,IGCX
VALE3,VALE,ON      NM,14.389,8537293420.0,IGCX
VLID3,VALID,ON      NM,0.061,151660730.0,IGCX
VAMO3,VAMOS,ON      NM,0.066,896104132.0,IGCX
VSTE3,VESTE,ON      NM,0.015,224559120.0,IGCX
VBBR3,VIBRA,ON      NM,1.839,2384009560.0,IGCX
VTRU3,VITRUEDUCA,ON      NM,0.08,280205928.0,IGCX
VITT3,VITTIA,ON      NM,0.007,103431450.0,IGCX
VIVA3,VIVARA S.A.,ON      NM,0.121,247396650.0,IGCX
VVEO3,VIVEO,ON      NM,0.006,385044974.0,IGCX
VULC3,VULCABRAS,ON      NM,0.067,221237360.0,IGCX
WDCN3,WDC NETWORKS,ON      NM,0.003,55308242.0,IGCX
WEGE3,WEG,ON      NM,3.189,2971909464.0,IGCX
WEST3,WESTWING,ON      NM,0.001,22218684.0,IGCX
WIZC3,WIZ CO,ON      NM,0.027,150708864.0,IGCX
YDUQ3,YDUQS PART,ON      NM,0.095,522731690.0,IGCX
