codigo,empresa,indices,origem,motivo_saida,sucessor
ABCB4,ABC BRASIL,IBRA|IGCX|SMLL,indice_vigente,,
ABEV3,AMBEV S/A,IBOV|IBRA|IBXX,indice_vigente,,
AERI3,AERIS,IGCX,indice_vigente,,
AGRO3,BRASILAGRO,IGCX,indice_vigente,,
ALLD3,ALLIED,IGCX,indice_vigente,,
ALOS3,ALLOS,IBOV|IBRA|IBXX|IGCX|SMLL,indice_vigente,,
ALPA3,ALPARGATAS,IGCX,indice_vigente,,
ALPA4,ALPARGATAS,IBRA|IGCX|SMLL,indice_vigente,,
ALPK3,ESTAPAR,IGCX,indice_vigente,,
ALUP11,ALUPAR,IBRA|IGCX|SMLL,indice_vigente,,
AMOB3,AUTOMOB,IGCX,indice_vigente,,
ANIM3,ANIMA,IBRA|IBXX|IGCX|SMLL,indice_vigente,,
ARML3,ARMAC,IBRA|IGCX|SMLL,indice_vigente,,
ASAI3,ASSAI,IBOV|IBRA|IBXX|IGCX|SMLL,indice_vigente,,
AUAU3,PETZCOBASI,IBRA|IBXX|IGCX|SMLL,indice_vigente,,
AURE3,AUREN,IBOV|IBRA|IBXX|IGCX|SMLL,indice_vigente,,
AXIA3,AXIA ENERGIA,IBOV|IBRA|IBXX|IGCX,indice_vigente,,
AZZA3,AZZAS 2154,IBOV|IBRA|IBXX|IGCX|SMLL,indice_vigente,,
B3SA3,B3,IBOV|IBRA|IBXX|IGCX,indice_vigente,,
BBAS3,BRASIL,IBOV|IBRA|IBXX|IGCX,indice_vigente,,
BBDC3,BRADESCO,IBOV|IBRA|IBXX|IGCX,indice_vigente,,
BBDC4,BRADESCO,IBOV|IBRA|IBXX|IGCX,indice_vigente,,
BBSE3,BBSEGURIDADE,IBOV|IBRA|IBXX|IGCX,indice_vigente,,
BEEF3,MINERVA,IBOV|IBRA|IBXX|IGCX|SMLL,indice_vigente,,
BHIA3,CASAS BAHIA,IBRA|IGCX|SMLL,indice_vigente,,
BLAU3,BLAU,IBRA|IGCX|SMLL,indice_vigente,,
BMEB3,MERCANTIL,IGCX,indice_vigente,,
BMEB4,MERCANTIL,IGCX,indice_vigente,,
BMGB4,BANCO BMG,IGCX,indice_vigente,,
BMOB3,BEMOBI TECH,IBRA|IGCX|SMLL,indice_vigente,,
BPAC11,BTGP BANCO,IBOV|IBRA|IBXX|IGCX,indice_vigente,,
BRAP3,BRADESPAR,IGCX,indice_vigente,,
BRAP4,BRADESPAR,IBOV|IBRA|IBXX|IGCX|SMLL,indice_vigente,,
BRAV3,BRAVA,IBOV|IBRA|IBXX|IGCX|SMLL,indice_vigente,,
BRBI11,BR PARTNERS,IBRA|IGCX|SMLL,indice_vigente,,
BRKM3,BRASKEM,IGCX,indice_vigente,,
BRKM5,BRASKEM,IBOV|IBRA|IBXX|IGCX|SMLL,indice_vigente,,
BRSR3,BANRISUL,IGCX,indice_vigente,,
BRSR6,BANRISUL,IBRA|IGCX|SMLL,indice_vigente,,
BRST3,BRISANET,IGCX,indice_vigente,,
CAML3,CAMIL,IBRA|IGCX|SMLL,indice_vigente,,
CASH3,MELIUZ,IBRA|IGCX|SMLL,indice_vigente,,
CBAV3,CBA,IBRA|IBXX|IGCX|SMLL,indice_vigente,,
CCTY3,RDVC CITY,IGCX,indice_vigente,,
CEAB3,CEA MODAS,IBOV|IBRA|IBXX|IGCX|SMLL,indice_vigente,,
CEDO4,CEDRO,IGCX,indice_vigente,,
CLSC4,CELESC,IGCX,indice_vigente,,
CMIG3,CEMIG,IGCX,indice_vigente,,
CMIG4,CEMIG,IBOV|IBRA|IBXX|IGCX,indice_vigente,,
CMIN3,CSNMINERACAO,IBOV|IBRA|IBXX|IGCX,indice_vigente,,
COGN3,COGNA ON,IBOV|IBRA|IBXX|IGCX|SMLL,indice_vigente,,
CPFE3,CPFL ENERGIA,IBOV|IBRA|IBXX|IGCX,indice_vigente,,
CPLE3,COPEL,IBOV|IBRA|IBXX|IGCX,indice_vigente,,
CSAN3,COSAN,IBOV|IBRA|IBXX|IGCX|SMLL,indice_vigente,,
CSED3,CRUZEIRO EDU,IGCX,indice_vigente,,
CSMG3,COPASA,IBOV|IBRA|IBXX|IGCX|SMLL,indice_vigente,,
CSNA3,SID NACIONAL,IBOV|IBRA|IBXX|SMLL,indice_vigente,,
CSUD3,CSU DIGITAL,IGCX,indice_vigente,,
CURY3,CURY S/A,IBOV|IBRA|IBXX|IGCX|SMLL,indice_vigente,,
CVCB3,CVC BRASIL,IBRA|IBXX|IGCX|SMLL,indice_vigente,,
CXSE3,CAIXA SEGURI,IBOV|IBRA|IBXX|IGCX,indice_vigente,,
CYRE3,CYRELA REALT,IBOV|IBRA|IBXX|IGCX|SMLL,indice_vigente,,
DASA3,DASA,IBRA|IGCX|SMLL,indice_vigente,,
DESK3,DESKTOP,IBRA|IGCX|SMLL,indice_vigente,,
DEXP3,DEXXOS PAR,IGCX,indice_vigente,,
DEXP4,DEXXOS PAR,IGCX,indice_vigente,,
DIRR3,DIRECIONAL,IBOV|IBRA|IBXX|IGCX|SMLL,indice_vigente,,
DMVF3,D1000VFARMA,IGCX,indice_vigente,,
DOTZ3,DOTZ SA,IGCX,indice_vigente,,
DXCO3,DEXCO,IBRA|IGCX|SMLL,indice_vigente,,
ECOM3,ECONOMATICA,IGCX,indice_vigente,,
ECOR3,ECORODOVIAS,IBRA|IBXX|IGCX|SMLL,indice_vigente,,
EGIE3,ENGIE BRASIL,IBOV|IBRA|IBXX|IGCX,indice_vigente,,
EMBJ3,EMBRAER,IBOV|IBRA|IBXX|IGCX,indice_vigente,,
ENEV3,ENEVA,IBOV|IBRA|IBXX|IGCX,indice_vigente,,
ENGI11,ENERGISA,IBOV|IBRA|IBXX|IGCX,indice_vigente,,
ENJU3,ENJOEI,IGCX,indice_vigente,,
EQTL3,EQUATORIAL,IBOV|IBRA|IBXX|IGCX,indice_vigente,,
ESPA3,ESPACOLASER,IGCX,indice_vigente,,
ETER3,ETERNIT,IGCX,indice_vigente,,
EUCA3,EUCATEX,IGCX,indice_vigente,,
EUCA4,EUCATEX,IGCX,indice_vigente,,
EVEN3,EVEN,IBRA|IGCX|SMLL,indice_vigente,,
EZTC3,EZTEC,IBRA|IBXX|IGCX|SMLL,indice_vigente,,
FESA3,FERBASA,IGCX,indice_vigente,,
FESA4,FERBASA,IBRA|IGCX|SMLL,indice_vigente,,
FHER3,FER HERINGER,IGCX,indice_vigente,,
FIQE3,UNIFIQUE,IGCX,indice_vigente,,
FLRY3,FLEURY,IBOV|IBRA|IBXX|IGCX|SMLL,indice_vigente,,
FRAS3,FRAS-LE,IBRA|IGCX|SMLL,indice_vigente,,
GFSA3,GAFISA,IBRA|IGCX|SMLL,indice_vigente,,
GGBR3,GERDAU,IGCX,indice_vigente,,
GGBR4,GERDAU,IBOV|IBRA|IBXX|IGCX,indice_vigente,,
GGPS3,GPS,IBRA|IBXX|IGCX|SMLL,indice_vigente,,
GMAT3,GRUPO MATEUS,IBRA|IBXX|IGCX|SMLL,indice_vigente,,
GOAU3,GERDAU MET,IGCX,indice_vigente,,
GOAU4,GERDAU MET,IBOV|IBRA|IBXX|IGCX|SMLL,indice_vigente,,
GRND3,GRENDENE,IBRA|IGCX|SMLL,indice_vigente,,
HAPV3,HAPVIDA,IBOV|IBRA|IBXX|IGCX|SMLL,indice_vigente,,
HBOR3,HELBOR,IBRA|IGCX|SMLL,indice_vigente,,
HBRE3,HBR REALTY,IGCX,indice_vigente,,
HBSA3,HIDROVIAS,IBRA|IGCX|SMLL,indice_vigente,,
HYPE3,HYPERA,IBOV|IBRA|IBXX|IGCX|SMLL,indice_vigente,,
IGTI11,IGUATEMI S.A,IBOV|IBRA|IBXX|IGCX|SMLL,indice_vigente,,
INTB3,INTELBRAS,IBRA|IBXX|IGCX|SMLL,indice_vigente,,
IRBR3,IRBBRASIL RE,IBRA|IBXX|IGCX|SMLL,indice_vigente,,
ISAE3,ISA ENERGIA,IGCX,indice_vigente,,
ISAE4,ISA ENERGIA,IBOV|IBRA|IBXX|IGCX,indice_vigente,,
ITSA3,ITAUSA,IGCX,indice_vigente,,
ITSA4,ITAUSA,IBOV|IBRA|IBXX|IGCX,indice_vigente,,
ITUB3,ITAUUNIBANCO,IBRA|IBXX|IGCX,indice_vigente,,
ITUB4,ITAUUNIBANCO,IBOV|IBRA|IBXX|IGCX,indice_vigente,,
JALL3,JALLESMACHAD,IGCX,indice_vigente,,
JHSF3,JHSF PART,IBRA|IBXX|IGCX|SMLL,indice_vigente,,
JSLG3,JSL,IBRA|IGCX|SMLL,indice_vigente,,
KEPL3,KEPLER WEBER,IBRA|IGCX|SMLL,indice_vigente,,
KLBN11,KLABIN S/A,IBOV|IBRA|IBXX|IGCX,indice_vigente,,
LAND3,TERRASANTAPA,IGCX,indice_vigente,,
LAVV3,LAVVI,IBRA|IGCX|SMLL,indice_vigente,,
LEVE3,METAL LEVE,IBRA|IGCX|SMLL,indice_vigente,,
LJQQ3,QUERO-QUERO,IBRA|IGCX|SMLL,indice_vigente,,
LOGG3,LOG COM PROP,IBRA|IGCX|SMLL,indice_vigente,,
LOGN3,LOG-IN,IGCX,indice_vigente,,
LPSB3,LOPES BRASIL,IGCX,indice_vigente,,
LREN3,LOJAS RENNER,IBOV|IBRA|IBXX|IGCX|SMLL,indice_vigente,,
LWSA3,LWSA,IBRA|IGCX|SMLL,indice_vigente,,
MATD3,MATER DEI,IGCX,indice_vigente,,
MBRF3,MARFRIG,IBOV|IBRA|IBXX|IGCX,indice_vigente,,
MDIA3,M.DIASBRANCO,IBRA|IGCX|SMLL,indice_vigente,,
MDNE3,MOURA DUBEUX,IBRA|IBXX|IGCX|SMLL,indice_vigente,,
MEAL3,IMC S/A,IGCX,indice_vigente,,
MELK3,MELNICK,IGCX,indice_vigente,,
MGLU3,MAGAZ LUIZA,IBOV|IBRA|IBXX|IGCX|SMLL,indice_vigente,,
MILS3,MILLS,IBRA|IGCX|SMLL,indice_vigente,,
MLAS3,MULTILASER,IGCX,indice_vigente,,
MOTV3,MOTIVA SA,IBOV|IBRA|IBXX|IGCX,indice_vigente,,
MOVI3,MOVIDA,IBRA|IBXX|IGCX|SMLL,indice_vigente,,
MRVE3,MRV,IBOV|IBRA|IBXX|IGCX|SMLL,indice_vigente,,
MTRE3,MITRE REALTY,IGCX,indice_vigente,,
MULT3,MULTIPLAN,IBOV|IBRA|IBXX|IGCX|SMLL,indice_vigente,,
MYPK3,IOCHP-MAXION,IBRA|IGCX|SMLL,indice_vigente,,
NATU3,NATURA,IBOV|IBRA|IBXX|IGCX|SMLL,indice_vigente,,
OFSA3,OUROFINO S/A,IGCX,indice_vigente,,
OPCT3,OCEANPACT,IGCX,indice_vigente,,
ORVR3,ORIZON,IBRA|IBXX|IGCX|SMLL,indice_vigente,,
PDGR3,PDG REALT,IGCX,indice_vigente,,
PDTC3,PADTEC,IGCX,indice_vigente,,
PETR3,PETROBRAS,IBOV|IBRA|IBXX|IGCX,indice_vigente,,
PETR4,PETROBRAS,IBOV|IBRA|IBXX|IGCX,indice_vigente,,
PFRM3,PROFARMA,IGCX,indice_vigente,,
PGMN3,PAGUE MENOS,IBRA|IGCX|SMLL,indice_vigente,,
PINE3,PINE,IGCX,indice_vigente,,
PINE4,PINE,IBRA|IGCX,indice_vigente,,
PLPL3,PLANOEPLANO,IBRA|IGCX|SMLL,indice_vigente,,
PNVL3,DIMED,IBRA|IGCX|SMLL,indice_vigente,,
POMO3,MARCOPOLO,IBRA|IGCX|SMLL,indice_vigente,,
POMO4,MARCOPOLO,IBOV|IBRA|IBXX|IGCX|SMLL,indice_vigente,,
POSI3,POSITIVO TEC,IBRA|IGCX|SMLL,indice_vigente,,
PRIO3,PRIO,IBOV|IBRA|IBXX|IGCX,indice_vigente,,
PRNR3,PRINER,IBRA|IGCX|SMLL,indice_vigente,,
PSSA3,PORTO SEGURO,IBOV|IBRA|IBXX|IGCX,indice_vigente,,
PTBL3,PORTOBELLO,IGCX,indice_vigente,,
QUAL3,QUALICORP,IBRA|IGCX|SMLL,indice_vigente,,
RADL3,RAIADROGASIL,IBOV|IBRA|IBXX|IGCX,indice_vigente,,
RAIL3,RUMO S.A.,IBOV|IBRA|IBXX|IGCX,indice_vigente,,
RANI3,IRANI,IBRA|IGCX|SMLL,indice_vigente,,
RAPT3,RANDON PART,IGCX,indice_vigente,,
RAPT4,RANDON PART,IBRA|IBXX|IGCX|SMLL,indice_vigente,,
RCSL4,RECRUSUL,IBRA|SMLL,indice_vigente,,
RDOR3,REDE D OR,IBOV|IBRA|IBXX|IGCX,indice_vigente,,
RECV3,PETRORECSA,IBOV|IBRA|IBXX|IGCX|SMLL,indice_vigente,,
RENT3,LOCALIZA,IBOV|IBRA|IBXX|IGCX,indice_vigente,,
RIAA3,RIACHUELO,IBRA|IGCX|SMLL,indice_vigente,,
RNEW3,RENOVA,IGCX,indice_vigente,,
RNEW4,RENOVA,IGCX,indice_vigente,,
ROMI3,ROMI,IGCX,indice_vigente,,
SANB11,SANTANDER BR,IBOV|IBRA|IBXX,indice_vigente,,
SAPR11,SANEPAR,IBRA|IBXX|IGCX|SMLL,indice_vigente,,
SAUD3,BRADSAUDE,IBRA|IBXX|IGCX|SMLL,indice_vigente,,
SBFG3,GRUPO SBF,IBRA|IGCX|SMLL,indice_vigente,,
SBSP3,SABESP,IBOV|IBRA|IBXX|IGCX,indice_vigente,,
SCAR3,SAO CARLOS,IGCX,indice_vigente,,
SEER3,SER EDUCA,IBRA|IGCX|SMLL,indice_vigente,,
SIMH3,SIMPAR,IBRA|IBXX|IGCX|SMLL,indice_vigente,,
SLCE3,SLC AGRICOLA,IBOV|IBRA|IBXX|IGCX|SMLL,indice_vigente,,
SMFT3,SMART FIT,IBOV|IBRA|IBXX|IGCX|SMLL,indice_vigente,,
SMTO3,SAO MARTINHO,IBRA|IBXX|IGCX|SMLL,indice_vigente,,
SOJA3,BOA SAFRA,IBRA|IGCX|SMLL,indice_vigente,,
SUZB3,SUZANO S.A.,IBOV|IBRA|IBXX|IGCX,indice_vigente,,
SYNE3,SYN PROP TEC,IBRA|IGCX|SMLL,indice_vigente,,
TAEE11,TAESA,IBOV|IBRA|IBXX|IGCX|SMLL,indice_vigente,,
TASA3,TAURUS ARMAS,IGCX,indice_vigente,,
TASA4,TAURUS ARMAS,IGCX,indice_vigente,,
TCSA3,TECNISA,IGCX,indice_vigente,,
TECN3,TECHNOS,IGCX,indice_vigente,,
TEND3,TENDA,IBRA|IBXX|IGCX|SMLL,indice_vigente,,
TFCO4,TRACK FIELD,IBRA|IGCX|SMLL,indice_vigente,,
TGMA3,TEGMA,IBRA|IGCX|SMLL,indice_vigente,,
TIMS3,TIM,IBOV|IBRA|IBXX|IGCX,indice_vigente,,
TOTS3,TOTVS,IBOV|IBRA|IBXX|IGCX|SMLL,indice_vigente,,
TPIS3,TRIUNFO PART,IGCX,indice_vigente,,
TRIS3,TRISUL,IGCX,indice_vigente,,
TTEN3,3TENTOS,IBRA|IGCX|SMLL,indice_vigente,,
TUPY3,TUPY,IBRA|IGCX|SMLL,indice_vigente,,
UCAS3,UNICASA,IGCX,indice_vigente,,
UGPA3,ULTRAPAR,IBOV|IBRA|IBXX|IGCX,indice_vigente,,
UNIP6,UNIPAR,IBRA|SMLL,indice_vigente,,
USIM3,USIMINAS,IGCX,indice_vigente,,
USIM5,USIMINAS,IBOV|IBRA|IBXX|IGCX|SMLL,indice_vigente,,
VALE3,VALE,IBOV|IBRA|IBXX|IGCX,indice_vigente,,
VAMO3,VAMOS,IBOV|IBRA|IBXX|IGCX|SMLL,indice_vigente,,
VBBR3,VIBRA,IBOV|IBRA|IBXX|IGCX,indice_vigente,,
VITT3,VITTIA,IGCX,indice_vigente,,
VIVA3,VIVARA S.A.,IBOV|IBRA|IBXX|IGCX|SMLL,indice_vigente,,
VIVT3,TELEF BRASIL,IBOV|IBRA|IBXX,indice_vigente,,
VLID3,VALID,IBRA|IGCX|SMLL,indice_vigente,,
VSTE3,VESTE,IGCX,indice_vigente,,
VTRU3,VITRUEDUCA,IBRA|IGCX|SMLL,indice_vigente,,
VULC3,VULCABRAS,IBRA|IGCX|SMLL,indice_vigente,,
VVEO3,VIVEO,IGCX,indice_vigente,,
WDCN3,WDC NETWORKS,IGCX,indice_vigente,,
WEGE3,WEG,IBOV|IBRA|IBXX|IGCX,indice_vigente,,
WEST3,WESTWING,IGCX,indice_vigente,,
WIZC3,WIZ CO,IGCX,indice_vigente,,
YDUQ3,YDUQS PART,IBOV|IBRA|IBXX|IGCX|SMLL,indice_vigente,,
CRUZ3,Souza Cruz,,candidato_historico,"fechamento de capital (OPA British American Tobacco, 2015)",
CIEL3,Cielo,,candidato_historico,fechamento de capital (2024),
ENBR3,EDP Brasil,,candidato_historico,"fechamento de capital (OPA EDP, 2023)",
ELPL4,Eletropaulo,,candidato_historico,aquisição pela Enel e deslistagem (2018),
ELPL3,Eletropaulo ON,,candidato_historico,aquisição pela Enel e deslistagem (2018),
MPLU3,Multiplus,,candidato_historico,incorporada pela LATAM (2019),
LINX3,Linx,,candidato_historico,aquisição pela StoneCo (2021),
BRPR3,BR Properties,,candidato_historico,venda de ativos e deslistagem (2022),
SQIA3,Sinqia,,candidato_historico,aquisição pela Evertec (2023),
TAMM4,TAM,,candidato_historico,fusão LATAM e deslistagem (2016),
NETC4,Net Serviços,,candidato_historico,fechamento de capital (2015),
CTIP3,Cetip,,candidato_historico,incorporada pela BM&FBovespa (2017),
ALLL3,ALL Logística,,candidato_historico,incorporada pela Rumo (2015),
FIBR3,Fibria,,candidato_historico,incorporada pela Suzano (2019),
SMLE3,Smiles,,candidato_historico,incorporada pela GOL (2021),
BISA3,Brookfield Incorporações,,candidato_historico,fechamento de capital (2015),
ABRE11,Abril Educação,,candidato_historico,"virou Somos Educação, adquirida (2018)",
SSBR3,Sonae Sierra Brasil,,candidato_historico,fechamento de capital (2018),
PRML3,Prumo Logística,,candidato_historico,fechamento de capital (2018),
MAGG3,Magnesita,,candidato_historico,fusão com RHI (2017),
BKBR3,Burger King Brasil,,candidato_historico,virou Zamp,ZAMP3
MOSI3,Mosaico,,candidato_historico,adquirida pelo Méliuz (2021),
SULA11,SulAmérica,,candidato_historico,incorporada pela Rede D'Or (2022),RDOR3
GNDI3,Notre Dame Intermédica,,candidato_historico,incorporada pela Hapvida (2022),HAPV3
BIDI11,Banco Inter units,,candidato_historico,migração para Nasdaq via BDR (2022),INBR32
BIDI4,Banco Inter PN,,candidato_historico,migração para Nasdaq via BDR (2022),INBR32
CESP6,CESP,,candidato_historico,virou Auren Energia (2022),AURE3
CESP3,CESP ON,,candidato_historico,virou Auren Energia (2022),AURE3
IGTA3,Iguatemi,,candidato_historico,reorganização societária (2021),IGTI11
QGEP3,Queiroz Galvão E&P,,candidato_historico,virou Enauta,ENAT3
ENAT3,Enauta,,candidato_historico,fusão com 3R e virou Brava (2024),BRAV3
RRRP3,3R Petroleum,,candidato_historico,fusão com Enauta e virou Brava (2024),BRAV3
AESB3,AES Brasil,,candidato_historico,aquisição pela Auren (2024),AURE3
TIET11,AES Tietê units,,candidato_historico,virou AES Brasil (2020),AESB3
GETI4,AES Tietê PN,,candidato_historico,reorganização (2018),AESB3
GETI3,AES Tietê ON,,candidato_historico,reorganização (2018),AESB3
OGXP3,OGX Petróleo,,candidato_historico,recuperação judicial,OGXP3
MMXM3,MMX Mineração,,candidato_historico,recuperação judicial,
LLXL3,LLX Logística,,candidato_historico,virou Prumo,PRML3
LUPA3,Lupatech,,candidato_historico,recuperação judicial,
RSID3,Rossi Residencial,,candidato_historico,reestruturação,
VIVR3,Viver Incorporadora,,candidato_historico,recuperação judicial,
CTAX3,Contax,,candidato_historico,"reestruturação, virou Liq",LIQO3
INEP4,Inepar,,candidato_historico,recuperação judicial,
PMAM3,Paranapanema,,candidato_historico,recuperação judicial,
BTOW3,B2W Digital,,candidato_historico,fusão com Lojas Americanas (2021),AMER3
LAME3,Lojas Americanas ON,,candidato_historico,reorganização Americanas (2021),AMER3
LAME4,Lojas Americanas PN,,candidato_historico,reorganização Americanas (2021),AMER3
VVAR3,Via Varejo,,candidato_historico,"virou Via, depois Casas Bahia",BHIA3
VVAR11,Via Varejo units,,candidato_historico,unificação de classes,BHIA3
VIIA3,Via,,candidato_historico,virou Grupo Casas Bahia (2023),BHIA3
KROT3,Kroton,,candidato_historico,virou Cogna (2019),COGN3
ESTC3,Estácio,,candidato_historico,virou Yduqs (2020),YDUQ3
HGTX3,Cia Hering,,candidato_historico,incorporada pelo Grupo Soma (2021),AZZA3
SOMA3,Grupo Soma,,candidato_historico,fusão com Arezzo (2024),AZZA3
ARZZ3,Arezzo,,candidato_historico,"fusão com Soma, virou Azzas (2024)",AZZA3
BRML3,BR Malls,,candidato_historico,fusão com Aliansce Sonae (2022),ALOS3
ALSC3,Aliansce Shopping,,candidato_historico,fusão com Sonae (2019),ALOS3
ALSO3,Aliansce Sonae,,candidato_historico,fusão com BR Malls (2022),ALOS3
LCAM3,Unidas (Loc. Américas),,candidato_historico,incorporada pela Localiza (2022),RENT3
PCAR4,Pão de Açúcar PN,,candidato_historico,unificação de classes (2020),PCAR3
BVMF3,BM&FBovespa,,candidato_historico,virou B3 (2017),B3SA3
SUZB5,Suzano PNA,,candidato_historico,unificação de classes (2017),SUZB3
TIMP3,TIM Participações,,candidato_historico,reorganização (2020),TIMS3
VIVT4,Telefônica Brasil PN,,candidato_historico,unificação de classes (2021),VIVT3
BRDT3,Petrobras Distribuidora,,candidato_historico,virou Vibra Energia (2021),VBBR3
CCRO3,CCR,,candidato_historico,virou Motiva (2025),MOTV3
DTEX3,Duratex,,candidato_historico,virou Dexco (2021),DXCO3
HRTP3,HRT Participações,,candidato_historico,virou PetroRio/PRIO,PRIO3
MPXE3,MPX Energia,,candidato_historico,virou Eneva (2014),ENEV3
TRPL4,ISA CTEEP PN,,candidato_historico,virou ISA Energia (2024),ISAE4
TRPL3,ISA CTEEP ON,,candidato_historico,virou ISA Energia (2024),ISAE3
CARD3,CSU CardSystem,,candidato_historico,virou CSU Digital,CSUD3
CGAS5,Comgás,,candidato_historico,saiu do índice,
LIGT3,Light,,candidato_historico,recuperação judicial (2023),
EMAE4,EMAE,,candidato_historico,baixa liquidez,
COCE5,Coelce,,candidato_historico,baixa liquidez,
CPLE5,Copel PNA,,candidato_historico,classe descontinuada,
OIBR3,Oi ON,,candidato_historico,recuperação judicial,
OIBR4,Oi PN,,candidato_historico,recuperação judicial,
ELET6,Eletrobras PNB,,candidato_historico,classe menos líquida,
IDNT3,Ideiasnet,,candidato_historico,baixa liquidez,
AMAR3,Marisa Lojas,,candidato_historico,reestruturação,
SEDU3,Somos Educação,,candidato_historico,adquirida pela Kroton (2018),
TCNO4,Tecnosolo,,candidato_historico,baixa liquidez,
CRDE3,CR2 Empreendimentos,,candidato_historico,baixa liquidez,
GPCP3,GPC Participações,,candidato_historico,baixa liquidez,
SGPS3,Springs Global,,candidato_historico,baixa liquidez,
TLPP4,Telesp,,candidato_historico,reorganização Telefônica,VIVT3
TNLP4,Telemar Norte Leste,,candidato_historico,reorganização Oi,OIBR4
TMAR5,Telemar,,candidato_historico,reorganização Oi,OIBR4
CMET4,Caemi Metalurgia,,candidato_historico,incorporada pela Vale,VALE3
