codigo,empresa,indices,origem,motivo_saida,sucessor,n_obs,inicio,fim,disponivel
ABCB4,ABC BRASIL,IBRA|IGCX|SMLL,indice_vigente,,,3875,2011-01-03,2026-08-05,True
ABEV3,AMBEV S/A,IBOV|IBRA|IBXX,indice_vigente,,,3875,2011-01-03,2026-08-05,True
AERI3,AERIS,IGCX,indice_vigente,,,1426,2020-11-12,2026-08-05,True
AGRO3,BRASILAGRO,IGCX,indice_vigente,,,3875,2011-01-03,2026-08-05,True
ALLD3,ALLIED,IGCX,indice_vigente,,,1328,2021-04-12,2026-08-05,True
ALOS3,ALLOS,IBOV|IBRA|IBXX|IGCX|SMLL,indice_vigente,,,3853,2011-02-03,2026-08-05,True
ALPA3,ALPARGATAS,IGCX,indice_vigente,,,3875,2011-01-03,2026-08-05,True
ALPA4,ALPARGATAS,IBRA|IGCX|SMLL,indice_vigente,,,3875,2011-01-03,2026-08-05,True
ALPK3,ESTAPAR,IGCX,indice_vigente,,,1547,2020-05-21,2026-08-05,True
ALUP11,ALUPAR,IBRA|IGCX|SMLL,indice_vigente,,,3305,2013-04-24,2026-08-05,True
AMAR3,Marisa Lojas,,candidato_historico,reestruturação,,3875,2011-01-03,2026-08-05,True
AMOB3,AUTOMOB,IGCX,indice_vigente,,,407,2024-12-16,2026-08-05,True
ANIM3,ANIMA,IBRA|IBXX|IGCX|SMLL,indice_vigente,,,3175,2013-10-28,2026-08-05,True
ARML3,ARMAC,IBRA|IGCX|SMLL,indice_vigente,,,1253,2021-07-29,2026-08-05,True
ASAI3,ASSAI,IBOV|IBRA|IBXX|IGCX|SMLL,indice_vigente,,,1357,2021-03-01,2026-08-05,True
AUAU3,PETZCOBASI,IBRA|IBXX|IGCX|SMLL,indice_vigente,,,147,2026-01-05,2026-08-05,True
AURE3,AUREN,IBOV|IBRA|IBXX|IGCX|SMLL,indice_vigente,,,1089,2022-03-28,2026-08-05,True
AXIA3,AXIA ENERGIA,IBOV|IBRA|IBXX|IGCX,indice_vigente,,,3875,2011-01-03,2026-08-05,True
AZZA3,AZZAS 2154,IBOV|IBRA|IBXX|IGCX|SMLL,indice_vigente,,,3854,2011-02-02,2026-08-05,True
B3SA3,B3,IBOV|IBRA|IBXX|IGCX,indice_vigente,,,3873,2011-01-03,2026-08-05,True
BBAS3,BRASIL,IBOV|IBRA|IBXX|IGCX,indice_vigente,,,3875,2011-01-03,2026-08-05,True
BBDC3,BRADESCO,IBOV|IBRA|IBXX|IGCX,indice_vigente,,,3875,2011-01-03,2026-08-05,True
BBDC4,BRADESCO,IBOV|IBRA|IBXX|IGCX,indice_vigente,,,3875,2011-01-03,2026-08-05,True
BBSE3,BBSEGURIDADE,IBOV|IBRA|IBXX|IGCX,indice_vigente,,,3302,2013-04-29,2026-08-05,True
BEEF3,MINERVA,IBOV|IBRA|IBXX|IGCX|SMLL,indice_vigente,,,3875,2011-01-03,2026-08-05,True
BHIA3,CASAS BAHIA,IBRA|IGCX|SMLL,indice_vigente,,,3875,2011-01-03,2026-08-05,True
BLAU3,BLAU,IBRA|IGCX|SMLL,indice_vigente,,,1323,2021-04-19,2026-08-05,True
BMEB3,MERCANTIL,IGCX,indice_vigente,,,3875,2011-01-03,2026-08-05,True
BMEB4,MERCANTIL,IGCX,indice_vigente,,,3875,2011-01-03,2026-08-05,True
BMGB4,BANCO BMG,IGCX,indice_vigente,,,1662,2019-11-29,2026-08-05,True
BMOB3,BEMOBI TECH,IBRA|IGCX|SMLL,indice_vigente,,,1367,2021-02-11,2026-08-05,True
BPAC11,BTGP BANCO,IBOV|IBRA|IBXX|IGCX,indice_vigente,,,2352,2017-02-24,2026-08-05,True
BRAP3,BRADESPAR,IGCX,indice_vigente,,,3875,2011-01-03,2026-08-05,True
BRAP4,BRADESPAR,IBOV|IBRA|IBXX|IGCX|SMLL,indice_vigente,,,3875,2011-01-03,2026-08-05,True
BRAV3,BRAVA,IBOV|IBRA|IBXX|IGCX|SMLL,indice_vigente,,,1426,2020-11-12,2026-08-05,True
BRBI11,BR PARTNERS,IBRA|IGCX|SMLL,indice_vigente,,,1264,2021-07-14,2026-08-05,True
BRKM3,BRASKEM,IGCX,indice_vigente,,,3875,2011-01-03,2026-08-05,True
BRKM5,BRASKEM,IBOV|IBRA|IBXX|IGCX|SMLL,indice_vigente,,,3875,2011-01-03,2026-08-05,True
BRPR3,BR Properties,,candidato_historico,venda de ativos e deslistagem (2022),,3377,2011-01-03,2024-08-06,True
BRSR3,BANRISUL,IGCX,indice_vigente,,,3875,2011-01-03,2026-08-05,True
BRSR6,BANRISUL,IBRA|IGCX|SMLL,indice_vigente,,,3875,2011-01-03,2026-08-05,True
BRST3,BRISANET,IGCX,indice_vigente,,,388,2025-01-16,2026-08-05,True
CAML3,CAMIL,IBRA|IGCX|SMLL,indice_vigente,,,2203,2017-09-28,2026-08-05,True
CASH3,MELIUZ,IBRA|IGCX|SMLL,indice_vigente,,,1429,2020-11-09,2026-08-05,True
CBAV3,CBA,IBRA|IBXX|IGCX|SMLL,indice_vigente,,,1262,2021-07-16,2026-08-05,True
CCTY3,RDVC CITY,IGCX,indice_vigente,,,319,2025-04-29,2026-08-05,True
CEAB3,CEA MODAS,IBOV|IBRA|IBXX|IGCX|SMLL,indice_vigente,,,1678,2019-11-05,2026-08-05,True
CEDO4,CEDRO,IGCX,indice_vigente,,,3875,2011-01-03,2026-08-05,True
CGAS5,Comgás,,candidato_historico,saiu do índice,,3875,2011-01-03,2026-08-05,True
CLSC4,CELESC,IGCX,indice_vigente,,,3612,2012-01-20,2026-08-05,True
CMIG3,CEMIG,IGCX,indice_vigente,,,3875,2011-01-03,2026-08-05,True
CMIG4,CEMIG,IBOV|IBRA|IBXX|IGCX,indice_vigente,,,3875,2011-01-03,2026-08-05,True
CMIN3,CSNMINERACAO,IBOV|IBRA|IBXX|IGCX,indice_vigente,,,1362,2021-02-22,2026-08-05,True
COCE5,Coelce,,candidato_historico,baixa liquidez,,3875,2011-01-03,2026-08-05,True
COGN3,COGNA ON,IBOV|IBRA|IBXX|IGCX|SMLL,indice_vigente,,,3578,2012-03-14,2026-08-05,True
CPFE3,CPFL ENERGIA,IBOV|IBRA|IBXX|IGCX,indice_vigente,,,3875,2011-01-03,2026-08-05,True
CPLE3,COPEL,IBOV|IBRA|IBXX|IGCX,indice_vigente,,,3875,2011-01-03,2026-08-05,True
CSAN3,COSAN,IBOV|IBRA|IBXX|IGCX|SMLL,indice_vigente,,,3875,2011-01-03,2026-08-05,True
CSED3,CRUZEIRO EDU,IGCX,indice_vigente,,,1367,2021-02-11,2026-08-05,True
CSMG3,COPASA,IBOV|IBRA|IBXX|IGCX|SMLL,indice_vigente,,,3875,2011-01-03,2026-08-05,True
CSNA3,SID NACIONAL,IBOV|IBRA|IBXX|SMLL,indice_vigente,,,3875,2011-01-03,2026-08-05,True
CSUD3,CSU DIGITAL,IGCX,indice_vigente,,,3875,2011-01-03,2026-08-05,True
CTAX3,Contax,,candidato_historico,"reestruturação, virou Liq",LIQO3,3875,2011-01-03,2026-08-05,True
CURY3,CURY S/A,IBOV|IBRA|IBXX|IGCX|SMLL,indice_vigente,,,1462,2020-09-21,2026-08-05,True
CVCB3,CVC BRASIL,IBRA|IBXX|IGCX|SMLL,indice_vigente,,,3147,2013-12-09,2026-08-05,True
CXSE3,CAIXA SEGURI,IBOV|IBRA|IBXX|IGCX,indice_vigente,,,1315,2021-04-30,2026-08-05,True
CYRE3,CYRELA REALT,IBOV|IBRA|IBXX|IGCX|SMLL,indice_vigente,,,3875,2011-01-03,2026-08-05,True
DASA3,DASA,IBRA|IGCX|SMLL,indice_vigente,,,3875,2011-01-03,2026-08-05,True
DESK3,DESKTOP,IBRA|IGCX|SMLL,indice_vigente,,,1258,2021-07-22,2026-08-05,True
DEXP3,DEXXOS PAR,IGCX,indice_vigente,,,3875,2011-01-03,2026-08-05,True
DEXP4,DEXXOS PAR,IGCX,indice_vigente,,,1458,2020-09-25,2026-08-05,True
DIRR3,DIRECIONAL,IBOV|IBRA|IBXX|IGCX|SMLL,indice_vigente,,,3875,2011-01-03,2026-08-05,True
DMVF3,D1000VFARMA,IGCX,indice_vigente,,,1491,2020-08-10,2026-08-05,True
DOTZ3,DOTZ SA,IGCX,indice_vigente,,,1294,2021-05-31,2026-08-05,True
DXCO3,DEXCO,IBRA|IGCX|SMLL,indice_vigente,,,3875,2011-01-03,2026-08-05,True
ECOM3,ECONOMATICA,IGCX,indice_vigente,,,1254,2021-07-28,2026-08-05,True
ECOR3,ECORODOVIAS,IBRA|IBXX|IGCX|SMLL,indice_vigente,,,3875,2011-01-03,2026-08-05,True
EGIE3,ENGIE BRASIL,IBOV|IBRA|IBXX|IGCX,indice_vigente,,,3875,2011-01-03,2026-08-05,True
ELPL4,Eletropaulo,,candidato_historico,aquisição pela Enel e deslistagem (2018),,1795,2011-01-03,2018-03-12,True
EMAE4,EMAE,,candidato_historico,baixa liquidez,,3875,2011-01-03,2026-08-05,True
EMBJ3,EMBRAER,IBOV|IBRA|IBXX|IGCX,indice_vigente,,,3875,2011-01-03,2026-08-05,True
ENEV3,ENEVA,IBOV|IBRA|IBXX|IGCX,indice_vigente,,,3875,2011-01-03,2026-08-05,True
ENGI11,ENERGISA,IBOV|IBRA|IBXX|IGCX,indice_vigente,,,3875,2011-01-03,2026-08-05,True
ENJU3,ENJOEI,IGCX,indice_vigente,,,1429,2020-11-09,2026-08-05,True
EQTL3,EQUATORIAL,IBOV|IBRA|IBXX|IGCX,indice_vigente,,,3875,2011-01-03,2026-08-05,True
ESPA3,ESPACOLASER,IGCX,indice_vigente,,,1372,2021-02-04,2026-08-05,True
ETER3,ETERNIT,IGCX,indice_vigente,,,3875,2011-01-03,2026-08-05,True
EUCA3,EUCATEX,IGCX,indice_vigente,,,3875,2011-01-03,2026-08-05,True
EUCA4,EUCATEX,IGCX,indice_vigente,,,3875,2011-01-03,2026-08-05,True
EVEN3,EVEN,IBRA|IGCX|SMLL,indice_vigente,,,3875,2011-01-03,2026-08-05,True
EZTC3,EZTEC,IBRA|IBXX|IGCX|SMLL,indice_vigente,,,3875,2011-01-03,2026-08-05,True
FESA3,FERBASA,IGCX,indice_vigente,,,3875,2011-01-03,2026-08-05,True
FESA4,FERBASA,IBRA|IGCX|SMLL,indice_vigente,,,3875,2011-01-03,2026-08-05,True
FHER3,FER HERINGER,IGCX,indice_vigente,,,3875,2011-01-03,2026-08-05,True
FIBR3,Fibria,,candidato_historico,incorporada pela Suzano (2019),,1987,2011-01-03,2019-01-02,True
FIQE3,UNIFIQUE,IGCX,indice_vigente,,,1253,2021-07-29,2026-08-05,True
FLRY3,FLEURY,IBOV|IBRA|IBXX|IGCX|SMLL,indice_vigente,,,3875,2011-01-03,2026-08-05,True
FRAS3,FRAS-LE,IBRA|IGCX|SMLL,indice_vigente,,,3875,2011-01-03,2026-08-05,True
GFSA3,GAFISA,IBRA|IGCX|SMLL,indice_vigente,,,3875,2011-01-03,2026-08-05,True
GGBR3,GERDAU,IGCX,indice_vigente,,,3875,2011-01-03,2026-08-05,True
GGBR4,GERDAU,IBOV|IBRA|IBXX|IGCX,indice_vigente,,,3875,2011-01-03,2026-08-05,True
GGPS3,GPS,IBRA|IBXX|IGCX|SMLL,indice_vigente,,,1317,2021-04-28,2026-08-05,True
GMAT3,GRUPO MATEUS,IBRA|IBXX|IGCX|SMLL,indice_vigente,,,1447,2020-10-13,2026-08-05,True
GOAU3,GERDAU MET,IGCX,indice_vigente,,,3875,2011-01-03,2026-08-05,True
GOAU4,GERDAU MET,IBOV|IBRA|IBXX|IGCX|SMLL,indice_vigente,,,3875,2011-01-03,2026-08-05,True
GRND3,GRENDENE,IBRA|IGCX|SMLL,indice_vigente,,,3875,2011-01-03,2026-08-05,True
HAPV3,HAPVIDA,IBOV|IBRA|IBXX|IGCX|SMLL,indice_vigente,,,2057,2018-04-26,2026-08-05,True
HBOR3,HELBOR,IBRA|IGCX|SMLL,indice_vigente,,,3875,2011-01-03,2026-08-05,True
HBRE3,HBR REALTY,IGCX,indice_vigente,,,1379,2021-01-26,2026-08-05,True
HBSA3,HIDROVIAS,IBRA|IGCX|SMLL,indice_vigente,,,1458,2020-09-25,2026-08-05,True
HYPE3,HYPERA,IBOV|IBRA|IBXX|IGCX|SMLL,indice_vigente,,,3875,2011-01-03,2026-08-05,True
IGTI11,IGUATEMI S.A,IBOV|IBRA|IBXX|IGCX|SMLL,indice_vigente,,,1175,2021-11-22,2026-08-05,True
INEP4,Inepar,,candidato_historico,recuperação judicial,,3828,2011-01-03,2026-08-05,True
INTB3,INTELBRAS,IBRA|IBXX|IGCX|SMLL,indice_vigente,,,1370,2021-02-08,2026-08-05,True
IRBR3,IRBBRASIL RE,IBRA|IBXX|IGCX|SMLL,indice_vigente,,,2246,2017-07-31,2026-08-05,True
ISAE3,ISA ENERGIA,IGCX,indice_vigente,,,3875,2011-01-03,2026-08-05,True
ISAE4,ISA ENERGIA,IBOV|IBRA|IBXX|IGCX,indice_vigente,,,3875,2011-01-03,2026-08-05,True
ITSA3,ITAUSA,IGCX,indice_vigente,,,3875,2011-01-03,2026-08-05,True
ITSA4,ITAUSA,IBOV|IBRA|IBXX|IGCX,indice_vigente,,,3875,2011-01-03,2026-08-05,True
ITUB3,ITAUUNIBANCO,IBRA|IBXX|IGCX,indice_vigente,,,3875,2011-01-03,2026-08-05,True
ITUB4,ITAUUNIBANCO,IBOV|IBRA|IBXX|IGCX,indice_vigente,,,3875,2011-01-03,2026-08-05,True
JALL3,JALLESMACHAD,IGCX,indice_vigente,,,1370,2021-02-08,2026-08-05,True
JHSF3,JHSF PART,IBRA|IBXX|IGCX|SMLL,indice_vigente,,,3875,2011-01-03,2026-08-05,True
JSLG3,JSL,IBRA|IGCX|SMLL,indice_vigente,,,1469,2020-09-10,2026-08-05,True
KEPL3,KEPLER WEBER,IBRA|IGCX|SMLL,indice_vigente,,,3875,2011-01-03,2026-08-05,True
KLBN11,KLABIN S/A,IBOV|IBRA|IBXX|IGCX,indice_vigente,,,3118,2014-01-23,2026-08-05,True
LAND3,TERRASANTAPA,IGCX,indice_vigente,,,1245,2021-08-10,2026-08-05,True
LAVV3,LAVVI,IBRA|IGCX|SMLL,indice_vigente,,,1473,2020-09-03,2026-08-05,True
LEVE3,METAL LEVE,IBRA|IGCX|SMLL,indice_vigente,,,3875,2011-01-03,2026-08-05,True
LIGT3,Light,,candidato_historico,recuperação judicial (2023),,3875,2011-01-03,2026-08-05,True
LJQQ3,QUERO-QUERO,IBRA|IGCX|SMLL,indice_vigente,,,1491,2020-08-10,2026-08-05,True
LOGG3,LOG COM PROP,IBRA|IGCX|SMLL,indice_vigente,,,1894,2018-12-21,2026-08-05,True
LOGN3,LOG-IN,IGCX,indice_vigente,,,3875,2011-01-03,2026-08-05,True
LPSB3,LOPES BRASIL,IGCX,indice_vigente,,,3875,2011-01-03,2026-08-05,True
LREN3,LOJAS RENNER,IBOV|IBRA|IBXX|IGCX|SMLL,indice_vigente,,,3875,2011-01-03,2026-08-05,True
LUPA3,Lupatech,,candidato_historico,recuperação judicial,,3875,2011-01-03,2026-08-05,True
LWSA3,LWSA,IBRA|IGCX|SMLL,indice_vigente,,,1617,2020-02-06,2026-08-05,True
MATD3,MATER DEI,IGCX,indice_vigente,,,1306,2021-05-13,2026-08-05,True
MBRF3,MARFRIG,IBOV|IBRA|IBXX|IGCX,indice_vigente,,,3875,2011-01-03,2026-08-05,True
MDIA3,M.DIASBRANCO,IBRA|IGCX|SMLL,indice_vigente,,,3875,2011-01-03,2026-08-05,True
MDNE3,MOURA DUBEUX,IBRA|IBXX|IGCX|SMLL,indice_vigente,,,1612,2020-02-13,2026-08-05,True
MEAL3,IMC S/A,IGCX,indice_vigente,,,3828,2011-03-14,2026-08-05,True
MELK3,MELNICK,IGCX,indice_vigente,,,1456,2020-09-29,2026-08-05,True
MGLU3,MAGAZ LUIZA,IBOV|IBRA|IBXX|IGCX|SMLL,indice_vigente,,,3795,2011-05-02,2026-08-05,True
MILS3,MILLS,IBRA|IGCX|SMLL,indice_vigente,,,3875,2011-01-03,2026-08-05,True
MLAS3,MULTILASER,IGCX,indice_vigente,,,1258,2021-07-22,2026-08-05,True
MOTV3,MOTIVA SA,IBOV|IBRA|IBXX|IGCX,indice_vigente,,,3875,2011-01-03,2026-08-05,True
MOVI3,MOVIDA,IBRA|IBXX|IGCX|SMLL,indice_vigente,,,2294,2017-05-24,2026-08-05,True
MRVE3,MRV,IBOV|IBRA|IBXX|IGCX|SMLL,indice_vigente,,,3875,2011-01-03,2026-08-05,True
MTRE3,MITRE REALTY,IGCX,indice_vigente,,,1614,2020-02-11,2026-08-05,True
MULT3,MULTIPLAN,IBOV|IBRA|IBXX|IGCX|SMLL,indice_vigente,,,3875,2011-01-03,2026-08-05,True
MYPK3,IOCHP-MAXION,IBRA|IGCX|SMLL,indice_vigente,,,3875,2011-01-03,2026-08-05,True
NATU3,NATURA,IBOV|IBRA|IBXX|IGCX|SMLL,indice_vigente,,,2472,2011-01-03,2026-08-05,True
OFSA3,OUROFINO S/A,IGCX,indice_vigente,,,2933,2014-10-21,2026-08-05,True
OGXP3,OGX Petróleo,,candidato_historico,recuperação judicial,OGXP3,1989,2011-01-03,2019-01-10,True
OIBR3,Oi ON,,candidato_historico,recuperação judicial,,3875,2011-01-03,2026-08-05,True
OIBR4,Oi PN,,candidato_historico,recuperação judicial,,3875,2011-01-03,2026-08-05,True
OPCT3,OCEANPACT,IGCX,indice_vigente,,,1366,2021-02-12,2026-08-05,True
ORVR3,ORIZON,IBRA|IBXX|IGCX|SMLL,indice_vigente,,,1365,2021-02-17,2026-08-05,True
PDGR3,PDG REALT,IGCX,indice_vigente,,,3875,2011-01-03,2026-08-05,True
PDTC3,PADTEC,IGCX,indice_vigente,,,3875,2011-01-03,2026-08-05,True
PETR3,PETROBRAS,IBOV|IBRA|IBXX|IGCX,indice_vigente,,,3875,2011-01-03,2026-08-05,True
PETR4,PETROBRAS,IBOV|IBRA|IBXX|IGCX,indice_vigente,,,3875,2011-01-03,2026-08-05,True
PFRM3,PROFARMA,IGCX,indice_vigente,,,3875,2011-01-03,2026-08-05,True
PGMN3,PAGUE MENOS,IBRA|IGCX|SMLL,indice_vigente,,,1473,2020-09-03,2026-08-05,True
PINE3,PINE,IGCX,indice_vigente,,,3359,2013-02-04,2026-08-05,True
PINE4,PINE,IBRA|IGCX,indice_vigente,,,3875,2011-01-03,2026-08-05,True
PLPL3,PLANOEPLANO,IBRA|IGCX|SMLL,indice_vigente,,,1463,2020-09-18,2026-08-05,True
PMAM3,Paranapanema,,candidato_historico,recuperação judicial,,3875,2011-01-03,2026-08-05,True
PNVL3,DIMED,IBRA|IGCX|SMLL,indice_vigente,,,3875,2011-01-03,2026-08-05,True
POMO3,MARCOPOLO,IBRA|IGCX|SMLL,indice_vigente,,,3875,2011-01-03,2026-08-05,True
POMO4,MARCOPOLO,IBOV|IBRA|IBXX|IGCX|SMLL,indice_vigente,,,3875,2011-01-03,2026-08-05,True
POSI3,POSITIVO TEC,IBRA|IGCX|SMLL,indice_vigente,,,3875,2011-01-03,2026-08-05,True
PRIO3,PRIO,IBOV|IBRA|IBXX|IGCX,indice_vigente,,,3875,2011-01-03,2026-08-05,True
PRML3,Prumo Logística,,candidato_historico,fechamento de capital (2018),,1772,2011-01-03,2018-03-09,True
PRNR3,PRINER,IBRA|IGCX|SMLL,indice_vigente,,,1610,2020-02-17,2026-08-05,True
PSSA3,PORTO SEGURO,IBOV|IBRA|IBXX|IGCX,indice_vigente,,,3875,2011-01-03,2026-08-05,True
PTBL3,PORTOBELLO,IGCX,indice_vigente,,,3875,2011-01-03,2026-08-05,True
QUAL3,QUALICORP,IBRA|IGCX|SMLL,indice_vigente,,,3754,2011-06-29,2026-08-05,True
RADL3,RAIADROGASIL,IBOV|IBRA|IBXX|IGCX,indice_vigente,,,3875,2011-01-03,2026-08-05,True
RAIL3,RUMO S.A.,IBOV|IBRA|IBXX|IGCX,indice_vigente,,,2823,2015-04-02,2026-08-05,True
RANI3,IRANI,IBRA|IGCX|SMLL,indice_vigente,,,3875,2011-01-03,2026-08-05,True
RAPT3,RANDON PART,IGCX,indice_vigente,,,3875,2011-01-03,2026-08-05,True
RAPT4,RANDON PART,IBRA|IBXX|IGCX|SMLL,indice_vigente,,,3875,2011-01-03,2026-08-05,True
RCSL4,RECRUSUL,IBRA|SMLL,indice_vigente,,,3875,2011-01-03,2026-08-05,True
RDOR3,REDE D OR,IBOV|IBRA|IBXX|IGCX,indice_vigente,,,1404,2020-12-15,2026-08-05,True
RECV3,PETRORECSA,IBOV|IBRA|IBXX|IGCX|SMLL,indice_vigente,,,1312,2021-05-05,2026-08-05,True
RENT3,LOCALIZA,IBOV|IBRA|IBXX|IGCX,indice_vigente,,,3875,2011-01-03,2026-08-05,True
RIAA3,RIACHUELO,IBRA|IGCX|SMLL,indice_vigente,,,3875,2011-01-03,2026-08-05,True
RNEW3,RENOVA,IGCX,indice_vigente,,,3216,2013-08-30,2026-08-05,True
RNEW4,RENOVA,IGCX,indice_vigente,,,2332,2017-03-28,2026-08-05,True
ROMI3,ROMI,IGCX,indice_vigente,,,3875,2011-01-03,2026-08-05,True
RSID3,Rossi Residencial,,candidato_historico,reestruturação,,3875,2011-01-03,2026-08-05,True
SANB11,SANTANDER BR,IBOV|IBRA|IBXX,indice_vigente,,,3875,2011-01-03,2026-08-05,True
SAPR11,SANEPAR,IBRA|IBXX|IGCX|SMLL,indice_vigente,,,2140,2017-12-26,2026-08-05,True
SAUD3,BRADSAUDE,IBRA|IBXX|IGCX|SMLL,indice_vigente,,,3875,2011-01-03,2026-08-05,True
SBFG3,GRUPO SBF,IBRA|IGCX|SMLL,indice_vigente,,,1818,2019-04-17,2026-08-05,True
SBSP3,SABESP,IBOV|IBRA|IBXX|IGCX,indice_vigente,,,3875,2011-01-03,2026-08-05,True
SCAR3,SAO CARLOS,IGCX,indice_vigente,,,3875,2011-01-03,2026-08-05,True
SEER3,SER EDUCA,IBRA|IGCX|SMLL,indice_vigente,,,3174,2013-10-29,2026-08-05,True
SIMH3,SIMPAR,IBRA|IBXX|IGCX|SMLL,indice_vigente,,,1463,2020-09-18,2026-08-05,True
SLCE3,SLC AGRICOLA,IBOV|IBRA|IBXX|IGCX|SMLL,indice_vigente,,,3875,2011-01-03,2026-08-05,True
SMFT3,SMART FIT,IBOV|IBRA|IBXX|IGCX|SMLL,indice_vigente,,,1264,2021-07-14,2026-08-05,True
SMTO3,SAO MARTINHO,IBRA|IBXX|IGCX|SMLL,indice_vigente,,,3875,2011-01-03,2026-08-05,True
SOJA3,BOA SAFRA,IBRA|IGCX|SMLL,indice_vigente,,,1315,2021-04-30,2026-08-05,True
SUZB3,SUZANO S.A.,IBOV|IBRA|IBXX|IGCX,indice_vigente,,,3875,2011-01-03,2026-08-05,True
SYNE3,SYN PROP TEC,IBRA|IGCX|SMLL,indice_vigente,,,3875,2011-01-03,2026-08-05,True
TAEE11,TAESA,IBOV|IBRA|IBXX|IGCX|SMLL,indice_vigente,,,3875,2011-01-03,2026-08-05,True
TASA3,TAURUS ARMAS,IGCX,indice_vigente,,,3875,2011-01-03,2026-08-05,True
TASA4,TAURUS ARMAS,IGCX,indice_vigente,,,3875,2011-01-03,2026-08-05,True
TCSA3,TECNISA,IGCX,indice_vigente,,,3875,2011-01-03,2026-08-05,True
TECN3,TECHNOS,IGCX,indice_vigente,,,3752,2011-07-01,2026-08-05,True
TEND3,TENDA,IBRA|IBXX|IGCX|SMLL,indice_vigente,,,3875,2011-01-03,2026-08-05,True
TFCO4,TRACK FIELD,IBRA|IGCX|SMLL,indice_vigente,,,1438,2020-10-26,2026-08-05,True
TGMA3,TEGMA,IBRA|IGCX|SMLL,indice_vigente,,,3875,2011-01-03,2026-08-05,True
TIMS3,TIM,IBOV|IBRA|IBXX|IGCX,indice_vigente,,,3875,2011-01-03,2026-08-05,True
TOTS3,TOTVS,IBOV|IBRA|IBXX|IGCX|SMLL,indice_vigente,,,3875,2011-01-03,2026-08-05,True
TPIS3,TRIUNFO PART,IGCX,indice_vigente,,,3875,2011-01-03,2026-08-05,True
TRIS3,TRISUL,IGCX,indice_vigente,,,3875,2011-01-03,2026-08-05,True
TTEN3,3TENTOS,IBRA|IGCX|SMLL,indice_vigente,,,1261,2021-07-16,2026-08-05,True
TUPY3,TUPY,IBRA|IGCX|SMLL,indice_vigente,,,3875,2011-01-03,2026-08-05,True
UCAS3,UNICASA,IGCX,indice_vigente,,,3547,2012-04-27,2026-08-05,True
UGPA3,ULTRAPAR,IBOV|IBRA|IBXX|IGCX,indice_vigente,,,3875,2011-01-03,2026-08-05,True
UNIP6,UNIPAR,IBRA|SMLL,indice_vigente,,,3875,2011-01-03,2026-08-05,True
USIM3,USIMINAS,IGCX,indice_vigente,,,3875,2011-01-03,2026-08-05,True
USIM5,USIMINAS,IBOV|IBRA|IBXX|IGCX|SMLL,indice_vigente,,,3875,2011-01-03,2026-08-05,True
VALE3,VALE,IBOV|IBRA|IBXX|IGCX,indice_vigente,,,3875,2011-01-03,2026-08-05,True
VAMO3,VAMOS,IBOV|IBRA|IBXX|IGCX|SMLL,indice_vigente,,,1374,2021-02-02,2026-08-05,True
VBBR3,VIBRA,IBOV|IBRA|IBXX|IGCX,indice_vigente,,,2087,2018-03-14,2026-08-05,True
VITT3,VITTIA,IGCX,indice_vigente,,,1228,2021-09-02,2026-08-05,True
VIVA3,VIVARA S.A.,IBOV|IBRA|IBXX|IGCX|SMLL,indice_vigente,,,1695,2019-10-11,2026-08-05,True
VIVR3,Viver Incorporadora,,candidato_historico,recuperação judicial,,3875,2011-01-03,2026-08-05,True
VIVT3,TELEF BRASIL,IBOV|IBRA|IBXX,indice_vigente,,,3875,2011-01-03,2026-08-05,True
VLID3,VALID,IBRA|IGCX|SMLL,indice_vigente,,,3875,2011-01-03,2026-08-05,True
VSTE3,VESTE,IGCX,indice_vigente,,,3875,2011-01-03,2026-08-05,True
VTRU3,VITRUEDUCA,IBRA|IGCX|SMLL,indice_vigente,,,539,2024-06-11,2026-08-05,True
VULC3,VULCABRAS,IBRA|IGCX|SMLL,indice_vigente,,,3875,2011-01-03,2026-08-05,True
VVAR11,Via Varejo units,,candidato_historico,unificação de classes,BHIA3,1229,2013-12-16,2018-11-23,True
VVEO3,VIVEO,IGCX,indice_vigente,,,1246,2021-08-09,2026-08-05,True
WDCN3,WDC NETWORKS,IGCX,indice_vigente,,,1253,2021-07-29,2026-08-05,True
WEGE3,WEG,IBOV|IBRA|IBXX|IGCX,indice_vigente,,,3875,2011-01-03,2026-08-05,True
WEST3,WESTWING,IGCX,indice_vigente,,,1366,2021-02-12,2026-08-05,True
WIZC3,WIZ CO,IGCX,indice_vigente,,,2781,2015-06-05,2026-08-05,True
YDUQ3,YDUQS PART,IBOV|IBRA|IBXX|IGCX|SMLL,indice_vigente,,,3875,2011-01-03,2026-08-05,True
ABRE11,Abril Educação,,candidato_historico,"virou Somos Educação, adquirida (2018)",,0,,,False
AESB3,AES Brasil,,candidato_historico,aquisição pela Auren (2024),AURE3,0,,,False
ALLL3,ALL Logística,,candidato_historico,incorporada pela Rumo (2015),,0,,,False
ALSC3,Aliansce Shopping,,candidato_historico,fusão com Sonae (2019),ALOS3,0,,,False
ALSO3,Aliansce Sonae,,candidato_historico,fusão com BR Malls (2022),ALOS3,0,,,False
ARZZ3,Arezzo,,candidato_historico,"fusão com Soma, virou Azzas (2024)",AZZA3,0,,,False
BIDI11,Banco Inter units,,candidato_historico,migração para Nasdaq via BDR (2022),INBR32,0,,,False
BIDI4,Banco Inter PN,,candidato_historico,migração para Nasdaq via BDR (2022),INBR32,0,,,False
BISA3,Brookfield Incorporações,,candidato_historico,fechamento de capital (2015),,0,,,False
BKBR3,Burger King Brasil,,candidato_historico,virou Zamp,ZAMP3,0,,,False
BRDT3,Petrobras Distribuidora,,candidato_historico,virou Vibra Energia (2021),VBBR3,0,,,False
BRML3,BR Malls,,candidato_historico,fusão com Aliansce Sonae (2022),ALOS3,0,,,False
BTOW3,B2W Digital,,candidato_historico,fusão com Lojas Americanas (2021),AMER3,0,,,False
BVMF3,BM&FBovespa,,candidato_historico,virou B3 (2017),B3SA3,0,,,False
CARD3,CSU CardSystem,,candidato_historico,virou CSU Digital,CSUD3,0,,,False
CCRO3,CCR,,candidato_historico,virou Motiva (2025),MOTV3,0,,,False
CESP3,CESP ON,,candidato_historico,virou Auren Energia (2022),AURE3,0,,,False
CESP6,CESP,,candidato_historico,virou Auren Energia (2022),AURE3,0,,,False
CIEL3,Cielo,,candidato_historico,fechamento de capital (2024),,0,,,False
CMET4,Caemi Metalurgia,,candidato_historico,incorporada pela Vale,VALE3,0,,,False
CPLE5,Copel PNA,,candidato_historico,classe descontinuada,,0,,,False
CRDE3,CR2 Empreendimentos,,candidato_historico,baixa liquidez,,0,,,False
CRUZ3,Souza Cruz,,candidato_historico,"fechamento de capital (OPA British American Tobacco, 2015)",,0,,,False
CTIP3,Cetip,,candidato_historico,incorporada pela BM&FBovespa (2017),,0,,,False
DTEX3,Duratex,,candidato_historico,virou Dexco (2021),DXCO3,0,,,False
ELET6,Eletrobras PNB,,candidato_historico,classe menos líquida,,0,,,False
ELPL3,Eletropaulo ON,,candidato_historico,aquisição pela Enel e deslistagem (2018),,0,,,False
ENAT3,Enauta,,candidato_historico,fusão com 3R e virou Brava (2024),BRAV3,0,,,False
ENBR3,EDP Brasil,,candidato_historico,"fechamento de capital (OPA EDP, 2023)",,0,,,False
ESTC3,Estácio,,candidato_historico,virou Yduqs (2020),YDUQ3,0,,,False
GETI3,AES Tietê ON,,candidato_historico,reorganização (2018),AESB3,0,,,False
GETI4,AES Tietê PN,,candidato_historico,reorganização (2018),AESB3,0,,,False
GNDI3,Notre Dame Intermédica,,candidato_historico,incorporada pela Hapvida (2022),HAPV3,0,,,False
GPCP3,GPC Participações,,candidato_historico,baixa liquidez,,0,,,False
HGTX3,Cia Hering,,candidato_historico,incorporada pelo Grupo Soma (2021),AZZA3,0,,,False
HRTP3,HRT Participações,,candidato_historico,virou PetroRio/PRIO,PRIO3,0,,,False
IDNT3,Ideiasnet,,candidato_historico,baixa liquidez,,0,,,False
IGTA3,Iguatemi,,candidato_historico,reorganização societária (2021),IGTI11,0,,,False
KROT3,Kroton,,candidato_historico,virou Cogna (2019),COGN3,0,,,False
LAME3,Lojas Americanas ON,,candidato_historico,reorganização Americanas (2021),AMER3,0,,,False
LAME4,Lojas Americanas PN,,candidato_historico,reorganização Americanas (2021),AMER3,0,,,False
LCAM3,Unidas (Loc. Américas),,candidato_historico,incorporada pela Localiza (2022),RENT3,0,,,False
LINX3,Linx,,candidato_historico,aquisição pela StoneCo (2021),,0,,,False
LLXL3,LLX Logística,,candidato_historico,virou Prumo,PRML3,0,,,False
MAGG3,Magnesita,,candidato_historico,fusão com RHI (2017),,0,,,False
MMXM3,MMX Mineração,,candidato_historico,recuperação judicial,,0,,,False
MOSI3,Mosaico,,candidato_historico,adquirida pelo Méliuz (2021),,0,,,False
MPLU3,Multiplus,,candidato_historico,incorporada pela LATAM (2019),,0,,,False
MPXE3,MPX Energia,,candidato_historico,virou Eneva (2014),ENEV3,0,,,False
NETC4,Net Serviços,,candidato_historico,fechamento de capital (2015),,0,,,False
PCAR4,Pão de Açúcar PN,,candidato_historico,unificação de classes (2020),PCAR3,0,,,False
QGEP3,Queiroz Galvão E&P,,candidato_historico,virou Enauta,ENAT3,0,,,False
RRRP3,3R Petroleum,,candidato_historico,fusão com Enauta e virou Brava (2024),BRAV3,0,,,False
SEDU3,Somos Educação,,candidato_historico,adquirida pela Kroton (2018),,0,,,False
SGPS3,Springs Global,,candidato_historico,baixa liquidez,,0,,,False
SMLE3,Smiles,,candidato_historico,incorporada pela GOL (2021),,0,,,False
SOMA3,Grupo Soma,,candidato_historico,fusão com Arezzo (2024),AZZA3,0,,,False
SQIA3,Sinqia,,candidato_historico,aquisição pela Evertec (2023),,0,,,False
SSBR3,Sonae Sierra Brasil,,candidato_historico,fechamento de capital (2018),,0,,,False
SULA11,SulAmérica,,candidato_historico,incorporada pela Rede D'Or (2022),RDOR3,0,,,False
SUZB5,Suzano PNA,,candidato_historico,unificação de classes (2017),SUZB3,0,,,False
TAMM4,TAM,,candidato_historico,fusão LATAM e deslistagem (2016),,0,,,False
TCNO4,Tecnosolo,,candidato_historico,baixa liquidez,,0,,,False
TIET11,AES Tietê units,,candidato_historico,virou AES Brasil (2020),AESB3,0,,,False
TIMP3,TIM Participações,,candidato_historico,reorganização (2020),TIMS3,0,,,False
TLPP4,Telesp,,candidato_historico,reorganização Telefônica,VIVT3,0,,,False
TMAR5,Telemar,,candidato_historico,reorganização Oi,OIBR4,0,,,False
TNLP4,Telemar Norte Leste,,candidato_historico,reorganização Oi,OIBR4,0,,,False
TRPL3,ISA CTEEP ON,,candidato_historico,virou ISA Energia (2024),ISAE3,0,,,False
TRPL4,ISA CTEEP PN,,candidato_historico,virou ISA Energia (2024),ISAE4,0,,,False
VIIA3,Via,,candidato_historico,virou Grupo Casas Bahia (2023),BHIA3,0,,,False
VIVT4,Telefônica Brasil PN,,candidato_historico,unificação de classes (2021),VIVT3,0,,,False
VVAR3,Via Varejo,,candidato_historico,"virou Via, depois Casas Bahia",BHIA3,0,,,False
