ticker,grupo,n_obs,inicio,fim,liquidez_mediana,empresa,origem,motivo_saida,sucessor,meses_no_universo,serie_encerrada
PETR4,PETR,3875,2011-01-03,2026-08-05,942958948.4149933,PETROBRAS,indice_vigente,,,184,False
VALE3,VALE,3875,2011-01-03,2026-08-05,738596681.3381195,VALE,indice_vigente,,,184,False
ITUB4,ITUB,3875,2011-01-03,2026-08-05,558565566.9404907,ITAUUNIBANCO,indice_vigente,,,184,False
BBDC4,BBDC,3875,2011-01-03,2026-08-05,385779856.41407776,BRADESCO,indice_vigente,,,184,False
BBAS3,BBAS,3875,2011-01-03,2026-08-05,320578281.0710907,BRASIL,indice_vigente,,,184,False
B3SA3,B3SA3,3873,2011-01-03,2026-08-05,271851652.4225235,B3,indice_vigente,,,184,False
ABEV3,ABEV,3875,2011-01-03,2026-08-05,255119850.0,AMBEV S/A,indice_vigente,,,184,False
PETR3,PETR,3875,2011-01-03,2026-08-05,248140547.57728577,PETROBRAS,indice_vigente,,,0,False
BPAC11,BPAC,2352,2017-02-24,2026-08-05,212125361.10153198,BTGP BANCO,indice_vigente,,,98,False
ITSA4,ITSA,3875,2011-01-03,2026-08-05,179360154.1847849,ITAUSA,indice_vigente,,,184,False
VBBR3,VBBR,2087,2018-03-14,2026-08-05,167971912.3030672,VIBRA,indice_vigente,,,98,False
HAPV3,HAPV,2057,2018-04-26,2026-08-05,162362379.86412048,HAPVIDA,indice_vigente,,,97,False
GGBR4,GGBR,3875,2011-01-03,2026-08-05,150507040.375597,GERDAU,indice_vigente,,,184,False
RAIL3,RAIL,2823,2015-04-02,2026-08-05,148252084.62753296,RUMO S.A.,indice_vigente,,,134,False
RDOR3,RDOR,1404,2020-12-15,2026-08-05,146753913.58594894,REDE D OR,indice_vigente,,,65,False
SUZB3,SUZB,3875,2011-01-03,2026-08-05,141104447.5124359,SUZANO S.A.,indice_vigente,,,104,False
MGLU3,MGLU,3795,2011-05-02,2026-08-05,140271973.84311676,MAGAZ LUIZA,indice_vigente,,,178,False
ASAI3,ASAI,1357,2021-03-01,2026-08-05,140207081.62403107,ASSAI,indice_vigente,,,63,False
BRAV3,BRAV,1426,2020-11-12,2026-08-05,134224189.12407303,BRAVA,indice_vigente,,,63,False
BBSE3,BBSE,3302,2013-04-29,2026-08-05,126359514.61696625,BBSEGURIDADE,indice_vigente,,,157,False
LREN3,LREN,3875,2011-01-03,2026-08-05,126160237.86549759,LOJAS RENNER,indice_vigente,,,184,False
RENT3,RENT,3875,2011-01-03,2026-08-05,121540436.90772629,LOCALIZA,indice_vigente,,,184,False
COGN3,COGN,3578,2012-03-14,2026-08-05,94382027.81406403,COGNA ON,indice_vigente,,,163,False
CMIG4,CMIG,3875,2011-01-03,2026-08-05,86384385.63365936,CEMIG,indice_vigente,,,184,False
USIM5,USIM,3875,2011-01-03,2026-08-05,86336636.83319092,USIMINAS,indice_vigente,,,184,False
AXIA3,AXIA,3875,2011-01-03,2026-08-05,85911532.30359077,AXIA ENERGIA,indice_vigente,,,184,False
UGPA3,UGPA,3875,2011-01-03,2026-08-05,85239336.59553528,ULTRAPAR,indice_vigente,,,179,False
MOTV3,MOTV,3875,2011-01-03,2026-08-05,85125625.0,MOTIVA SA,indice_vigente,,,184,False
RADL3,RADL,3875,2011-01-03,2026-08-05,84043731.34299088,RAIADROGASIL,indice_vigente,,,184,False
EQTL3,EQTL,3875,2011-01-03,2026-08-05,83509617.38043976,EQUATORIAL,indice_vigente,,,181,False
CSNA3,CSNA,3875,2011-01-03,2026-08-05,80722723.5332489,SID NACIONAL,indice_vigente,,,184,False
KLBN11,KLBN,3118,2014-01-23,2026-08-05,73422329.15772533,KLABIN S/A,indice_vigente,,,148,False
SBSP3,SBSP,3875,2011-01-03,2026-08-05,73354183.99726105,SABESP,indice_vigente,,,184,False
CYRE3,CYRE,3875,2011-01-03,2026-08-05,66159971.36211395,CYRELA REALT,indice_vigente,,,184,False
EMBJ3,EMBJ,3875,2011-01-03,2026-08-05,65942657.88612366,EMBRAER,indice_vigente,,,184,False
CSAN3,CSAN,3875,2011-01-03,2026-08-05,65399543.75305176,COSAN,indice_vigente,,,184,False
HYPE3,HYPE,3875,2011-01-03,2026-08-05,64355957.94010162,HYPERA,indice_vigente,,,184,False
IRBR3,IRBR,2246,2017-07-31,2026-08-05,63031071.26186943,IRBBRASIL RE,indice_vigente,,,99,False
BBDC3,BBDC,3875,2011-01-03,2026-08-05,62519760.528271675,BRADESCO,indice_vigente,,,0,False
GOAU4,GOAU,3875,2011-01-03,2026-08-05,62431044.2851038,GERDAU MET,indice_vigente,,,184,False
MULT3,MULT,3875,2011-01-03,2026-08-05,58917599.3270874,MULTIPLAN,indice_vigente,,,184,False
TIMS3,TIMS,3875,2011-01-03,2026-08-05,55250528.304576874,TIM,indice_vigente,,,184,False
WEGE3,WEGE,3875,2011-01-03,2026-08-05,55182909.78631973,WEG,indice_vigente,,,184,False
IGTI11,IGTI,1175,2021-11-22,2026-08-05,52875972.593688965,IGUATEMI S.A,indice_vigente,,,54,False
MRVE3,MRVE,3875,2011-01-03,2026-08-05,52874039.2525692,MRV,indice_vigente,,,184,False
SANB11,SANB,3875,2011-01-03,2026-08-05,49426096.26922226,SANTANDER BR,indice_vigente,,,184,False
YDUQ3,YDUQ,3875,2011-01-03,2026-08-05,48452675.0,YDUQS PART,indice_vigente,,,176,False
BRAP4,BRAP,3875,2011-01-03,2026-08-05,47789591.778223515,BRADESPAR,indice_vigente,,,184,False
LWSA3,LWSA,1617,2020-02-06,2026-08-05,47073088.85393143,LWSA,indice_vigente,,,48,False
BRKM5,BRKM,3875,2011-01-03,2026-08-05,46125805.20057678,BRASKEM,indice_vigente,,,178,False
NATU3,NATU,2472,2011-01-03,2026-08-05,45475998.20790291,NATURA,indice_vigente,,,112,False
VAMO3,VAMO,1374,2021-02-02,2026-08-05,45245772.296527386,VAMOS,indice_vigente,,,56,False
SMFT3,SMFT,1264,2021-07-14,2026-08-05,44512370.71304321,SMART FIT,indice_vigente,,,38,False
VIVA3,VIVA,1695,2019-10-11,2026-08-05,43965600.0,VIVARA S.A.,indice_vigente,,,50,False
FIBR3,FIBR,1925,2011-01-03,2019-01-02,43580991.217041016,Fibria,candidato_historico,incorporada pela Suzano (2019),,91,True
AURE3,AURE,1089,2022-03-28,2026-08-05,43501161.80276871,AUREN,indice_vigente,,,44,False
CVCB3,CVCB,3147,2013-12-09,2026-08-05,43412200.0,CVC BRASIL,indice_vigente,,,124,False
CXSE3,CXSE,1315,2021-04-30,2026-08-05,39971930.51147461,CAIXA SEGURI,indice_vigente,,,33,False
CMIN3,CMIN,1362,2021-02-22,2026-08-05,39679424.31793213,CSNMINERACAO,indice_vigente,,,50,False
EGIE3,EGIE,3875,2011-01-03,2026-08-05,39182221.23527527,ENGIE BRASIL,indice_vigente,,,184,False
MBRF3,MBRF,3875,2011-01-03,2026-08-05,36419777.59857178,MARFRIG,indice_vigente,,,184,False
RECV3,RECV,1312,2021-05-05,2026-08-05,36391003.53727341,PETRORECSA,indice_vigente,,,44,False
TOTS3,TOTS,3875,2011-01-03,2026-08-05,35407688.03215027,TOTVS,indice_vigente,,,184,False
TAEE11,TAEE,3875,2011-01-03,2026-08-05,34927944.38457489,TAESA,indice_vigente,,,168,False
CPFE3,CPFE,3875,2011-01-03,2026-08-05,34532339.391326904,CPFL ENERGIA,indice_vigente,,,183,False
PRIO3,PRIO,3875,2011-01-03,2026-08-05,30900000.57220459,PRIO,indice_vigente,,,133,False
QUAL3,QUAL,3754,2011-06-29,2026-08-05,30390812.694120407,QUALICORP,indice_vigente,,,133,False
GMAT3,GMAT,1447,2020-10-13,2026-08-05,29954820.782661438,GRUPO MATEUS,indice_vigente,,,24,False
MOVI3,MOVI,2294,2017-05-24,2026-08-05,29670480.487060547,MOVIDA,indice_vigente,,,72,False
GGPS3,GGPS,1317,2021-04-28,2026-08-05,28297606.14733696,GPS,indice_vigente,,,25,False
FLRY3,FLRY,3875,2011-01-03,2026-08-05,28187991.31645775,FLEURY,indice_vigente,,,168,False
SAPR11,SAPR,2140,2017-12-26,2026-08-05,28095255.888843536,SANEPAR,indice_vigente,,,50,False
PSSA3,PSSA,3875,2011-01-03,2026-08-05,27403560.44769287,PORTO SEGURO,indice_vigente,,,182,False
INTB3,INTB,1370,2021-02-08,2026-08-05,27092835.576438904,INTELBRAS,indice_vigente,,,19,False
ECOR3,ECOR,3875,2011-01-03,2026-08-05,25629953.72143936,ECORODOVIAS,indice_vigente,,,148,False
ISAE4,ISAE,3875,2011-01-03,2026-08-05,25472159.147644043,ISA ENERGIA,indice_vigente,,,174,False
CBAV3,CBAV,1262,2021-07-16,2026-08-05,25375320.88303566,CBA,indice_vigente,,,18,False
SBFG3,SBFG,1818,2019-04-17,2026-08-05,25268153.752708435,GRUPO SBF,indice_vigente,,,21,False
ENGI11,ENGI,3875,2011-01-03,2026-08-05,25072292.96904373,ENERGISA,indice_vigente,,,118,False
CURY3,CURY,1462,2020-09-21,2026-08-05,24907054.4567585,CURY S/A,indice_vigente,,,26,False
CEAB3,CEAB,1678,2019-11-05,2026-08-05,24585315.835285187,CEA MODAS,indice_vigente,,,28,False
SIMH3,SIMH,1463,2020-09-18,2026-08-05,24231507.719039917,SIMPAR,indice_vigente,,,0,False
ENEV3,ENEV,3875,2011-01-03,2026-08-05,20907216.72744751,ENEVA,indice_vigente,,,126,False
CSMG3,CSMG,3875,2011-01-03,2026-08-05,20543011.484527588,COPASA,indice_vigente,,,140,False
BEEF3,BEEF,3875,2011-01-03,2026-08-05,18846093.047546387,MINERVA,indice_vigente,,,167,False
CASH3,CASH,1429,2020-11-09,2026-08-05,18767118.25127077,MELIUZ,indice_vigente,,,26,False
DXCO3,DXCO,3875,2011-01-03,2026-08-05,18621210.620422363,DEXCO,indice_vigente,,,146,False
MDIA3,MDIA,3875,2011-01-03,2026-08-05,18218673.358154297,M.DIASBRANCO,indice_vigente,,,138,False
SLCE3,SLCE,3875,2011-01-03,2026-08-05,16851774.604159355,SLC AGRICOLA,indice_vigente,,,124,False
AZZA3,AZZA,3854,2011-02-02,2026-08-05,16706519.994735718,AZZAS 2154,indice_vigente,,,165,False
SMTO3,SMTO,3875,2011-01-03,2026-08-05,16031861.393737793,SAO MARTINHO,indice_vigente,,,122,False
LIGT3,LIGT,3875,2011-01-03,2026-08-05,15840273.893260956,Light,candidato_historico,recuperação judicial (2023),,125,False
BRSR6,BRSR,3875,2011-01-03,2026-08-05,15153599.395751953,BANRISUL,indice_vigente,,,111,False
LJQQ3,LJQQ,1491,2020-08-10,2026-08-05,15126114.4894104,QUERO-QUERO,indice_vigente,,,0,False
RAPT4,RAPT,3875,2011-01-03,2026-08-05,15041460.416793823,RANDON PART,indice_vigente,,,125,False
EZTC3,EZTC,3875,2011-01-03,2026-08-05,14982568.209526062,EZTEC,indice_vigente,,,154,False
SAUD3,SAUD,3875,2011-01-03,2026-08-05,14467303.759002686,BRADSAUDE,indice_vigente,,,110,False
ORVR3,ORVR,1365,2021-02-17,2026-08-05,14404724.49874878,ORIZON,indice_vigente,,,8,False
POMO4,POMO,3875,2011-01-03,2026-08-05,14138393.67492199,MARCOPOLO,indice_vigente,,,140,False
VVAR11,VVAR,1192,2013-12-16,2018-11-23,13397336.19275093,Via Varejo units,candidato_historico,unificação de classes,BHIA3,56,True
ELPL4,ELPL,1733,2011-01-03,2018-03-12,13328847.19991684,Eletropaulo,candidato_historico,aquisição pela Enel e deslistagem (2018),,81,True
GFSA3,GFSA,3875,2011-01-03,2026-08-05,12860852.11843872,GAFISA,indice_vigente,,,100,False
MYPK3,MYPK,3875,2011-01-03,2026-08-05,12621248.159208298,IOCHP-MAXION,indice_vigente,,,112,False
ALUP11,ALUP,3305,2013-04-24,2026-08-05,12342004.436994553,ALUPAR,indice_vigente,,,53,False
TTEN3,TTEN,1261,2021-07-16,2026-08-05,12200255.708312988,3TENTOS,indice_vigente,,,0,False
ANIM3,ANIM,3175,2013-10-28,2026-08-05,11980799.12109375,ANIMA,indice_vigente,,,24,False
HBSA3,HBSA,1458,2020-09-25,2026-08-05,11530842.05236435,HIDROVIAS,indice_vigente,,,3,False
BRPR3,BRPR,3377,2011-01-03,2024-08-06,11463750.0,BR Properties,candidato_historico,venda de ativos e deslistagem (2022),,83,True
ALPA4,ALPA,3875,2011-01-03,2026-08-05,11126675.0,ALPARGATAS,indice_vigente,,,138,False
TEND3,TEND,3875,2011-01-03,2026-08-05,10652582.792146683,TENDA,indice_vigente,,,70,False
AUAU3,AUAU,147,2026-01-05,2026-08-05,10289434.652924538,PETZCOBASI,indice_vigente,,,0,False
ITUB3,ITUB,3875,2011-01-03,2026-08-05,8645371.439037323,ITAUUNIBANCO,indice_vigente,,,0,False
DIRR3,DIRR,3875,2011-01-03,2026-08-05,8404555.277967215,DIRECIONAL,indice_vigente,,,90,False
CAML3,CAML,2203,2017-09-28,2026-08-05,8296862.77346611,CAMIL,indice_vigente,,,5,False
TUPY3,TUPY,3875,2011-01-03,2026-08-05,7863235.864067078,TUPY,indice_vigente,,,38,False
EVEN3,EVEN,3875,2011-01-03,2026-08-05,7637268.218231201,EVEN,indice_vigente,,,74,False
PLPL3,PLPL,1463,2020-09-18,2026-08-05,7400160.021781921,PLANOEPLANO,indice_vigente,,,2,False
LOGG3,LOGG,1894,2018-12-21,2026-08-05,7380380.024909973,LOG COM PROP,indice_vigente,,,0,False
SEER3,SEER,3174,2013-10-29,2026-08-05,7168072.07572937,SER EDUCA,indice_vigente,,,64,False
MILS3,MILS,3875,2011-01-03,2026-08-05,7137659.942150116,MILLS,indice_vigente,,,62,False
VLID3,VLID,3875,2011-01-03,2026-08-05,7123000.259399414,VALID,indice_vigente,,,92,False
ABCB4,ABCB,3875,2011-01-03,2026-08-05,6831440.466879845,ABC BRASIL,indice_vigente,,,41,False
GRND3,GRND,3875,2011-01-03,2026-08-05,6749939.882040024,GRENDENE,indice_vigente,,,63,False
OIBR3,OIBR,3875,2011-01-03,2026-08-05,6722718.2109375,Oi ON,candidato_historico,recuperação judicial,,60,False
BMOB3,BMOB,1367,2021-02-11,2026-08-05,6252534.117412567,BEMOBI TECH,indice_vigente,,,0,False
RIAA3,RIAA,3875,2011-01-03,2026-08-05,6249600.0,RIACHUELO,indice_vigente,,,21,False
LEVE3,LEVE,3875,2011-01-03,2026-08-05,5950299.927711487,METAL LEVE,indice_vigente,,,51,False
ARML3,ARML,1253,2021-07-29,2026-08-05,5849555.08890152,ARMAC,indice_vigente,,,0,False
LAVV3,LAVV,1473,2020-09-03,2026-08-05,5550887.816047668,LAVVI,indice_vigente,,,0,False
BLAU3,BLAU,1323,2021-04-19,2026-08-05,5225879.953422546,BLAU,indice_vigente,,,0,False
WIZC3,WIZC,2781,2015-06-05,2026-08-05,5006399.772644043,WIZ CO,indice_vigente,,,32,False
OIBR4,OIBR,3875,2011-01-03,2026-08-05,4934358.0,Oi PN,candidato_historico,recuperação judicial,,74,False
AERI3,AERI,1426,2020-11-12,2026-08-05,4931335.972290039,AERIS,indice_vigente,,,3,False
MLAS3,MLAS,1258,2021-07-22,2026-08-05,4929635.977554321,MULTILASER,indice_vigente,,,0,False
PGMN3,PGMN,1473,2020-09-03,2026-08-05,4614929.160603523,PAGUE MENOS,indice_vigente,,,0,False
ALOS3,ALOS,3853,2011-02-03,2026-08-05,4589940.154266357,ALLOS,indice_vigente,,,79,False
JHSF3,JHSF,3875,2011-01-03,2026-08-05,4336300.039291382,JHSF PART,indice_vigente,,,21,False
SOJA3,SOJA,1315,2021-04-30,2026-08-05,4290952.48401165,BOA SAFRA,indice_vigente,,,0,False
JALL3,JALL,1370,2021-02-08,2026-08-05,4239264.452683926,JALLESMACHAD,indice_vigente,,,0,False
MDNE3,MDNE,1612,2020-02-13,2026-08-05,4101447.5421905518,MOURA DUBEUX,indice_vigente,,,0,False
TGMA3,TGMA,3875,2011-01-03,2026-08-05,4095883.9012145996,TEGMA,indice_vigente,,,21,False
UNIP6,UNIP,3875,2011-01-03,2026-08-05,3732486.1003875732,UNIPAR,indice_vigente,,,7,False
AMAR3,AMAR,3875,2011-01-03,2026-08-05,3675139.349281311,Marisa Lojas,candidato_historico,reestruturação,,54,False
PRML3,PRML,1730,2011-01-03,2018-03-09,3492374.6127266884,Prumo Logística,candidato_historico,fechamento de capital (2018),,40,True
CPLE3,CPLE,3875,2011-01-03,2026-08-05,3455984.9588871,COPEL,indice_vigente,,,35,False
JSLG3,JSLG,1469,2020-09-10,2026-08-05,3376570.054578781,JSL,indice_vigente,,,0,False
MTRE3,MTRE,1614,2020-02-11,2026-08-05,3246850.063276291,MITRE REALTY,indice_vigente,,,0,False
VTRU3,VTRU,539,2024-06-11,2026-08-05,3106690.0713920593,VITRUEDUCA,indice_vigente,,,0,False
VVEO3,VVEO,1246,2021-08-09,2026-08-05,3074679.8473949432,VIVEO,indice_vigente,,,0,False
CMIG3,CMIG,3875,2011-01-03,2026-08-05,3074469.8595428467,CEMIG,indice_vigente,,,0,False
OPCT3,OPCT,1366,2021-02-12,2026-08-05,3038707.0984601974,OCEANPACT,indice_vigente,,,0,False
BRBI11,BRBI,1264,2021-07-14,2026-08-05,2995050.499153137,BR PARTNERS,indice_vigente,,,0,False
FESA4,FESA,3875,2011-01-03,2026-08-05,2925920.839691162,FERBASA,indice_vigente,,,2,False
DESK3,DESK,1258,2021-07-22,2026-08-05,2864803.1693115234,DESKTOP,indice_vigente,,,0,False
BMGB4,BMGB,1662,2019-11-29,2026-08-05,2855622.1855926514,BANCO BMG,indice_vigente,,,0,False
MATD3,MATD,1306,2021-05-13,2026-08-05,2789997.4694252014,MATER DEI,indice_vigente,,,0,False
VULC3,VULC,3875,2011-01-03,2026-08-05,2756745.1256103516,VULCABRAS,indice_vigente,,,1,False
MEAL3,MEAL,3828,2011-03-14,2026-08-05,2743425.0034570694,IMC S/A,indice_vigente,,,35,False
TCSA3,TCSA,3875,2011-01-03,2026-08-05,2535993.4708862305,TECNISA,indice_vigente,,,63,False
HBOR3,HBOR,3875,2011-01-03,2026-08-05,2355629.9228668213,HELBOR,indice_vigente,,,11,False
ESPA3,ESPA,1372,2021-02-04,2026-08-05,2280245.0345516205,ESPACOLASER,indice_vigente,,,0,False
PRNR3,PRNR,1610,2020-02-17,2026-08-05,2278912.4519348145,PRINER,indice_vigente,,,0,False
TFCO4,TFCO,1438,2020-10-26,2026-08-05,2260286.99426651,TRACK FIELD,indice_vigente,,,0,False
USIM3,USIM,3875,2011-01-03,2026-08-05,2223359.941101074,USIMINAS,indice_vigente,,,0,False
CSED3,CSED,1367,2021-02-11,2026-08-05,2068220.0580120087,CRUZEIRO EDU,indice_vigente,,,0,False
POSI3,POSI,3875,2011-01-03,2026-08-05,1851296.9349384308,POSITIVO TEC,indice_vigente,,,19,False
VIVT3,VIVT,3875,2011-01-03,2026-08-05,1838215.0657653809,TELEF BRASIL,indice_vigente,,,67,False
KEPL3,KEPL,3875,2011-01-03,2026-08-05,1611883.752822876,KEPLER WEBER,indice_vigente,,,0,False
DASA3,DASA,3875,2011-01-03,2026-08-05,1528048.0254173279,DASA,indice_vigente,,,36,False
FIQE3,FIQE,1253,2021-07-29,2026-08-05,1432249.885723114,UNIFIQUE,indice_vigente,,,0,False
VITT3,VITT,1228,2021-09-02,2026-08-05,1408386.9316425323,VITTIA,indice_vigente,,,0,False
ENJU3,ENJU,1429,2020-11-09,2026-08-05,1382458.9624285698,ENJOEI,indice_vigente,,,0,False
MELK3,MELK,1456,2020-09-29,2026-08-05,1380856.5105319023,MELNICK,indice_vigente,,,0,False
PTBL3,PTBL,3875,2011-01-03,2026-08-05,1254880.009651184,PORTOBELLO,indice_vigente,,,5,False
LPSB3,LPSB,3875,2011-01-03,2026-08-05,1178079.9968948364,LOPES BRASIL,indice_vigente,,,29,False
GGBR3,GGBR,3875,2011-01-03,2026-08-05,1089165.0239524841,GERDAU,indice_vigente,,,0,False
TASA4,TASA,3875,2011-01-03,2026-08-05,1075905.156337738,TAURUS ARMAS,indice_vigente,,,11,False
HBRE3,HBRE,1379,2021-01-26,2026-08-05,1050161.9668006897,HBR REALTY,indice_vigente,,,0,False
TRIS3,TRIS,3875,2011-01-03,2026-08-05,1040298.822177887,TRISUL,indice_vigente,,,0,False
ROMI3,ROMI,3875,2011-01-03,2026-08-05,1003922.0417022705,ROMI,indice_vigente,,,2,False
AGRO3,AGRO,3875,2011-01-03,2026-08-05,992544.019317627,BRASILAGRO,indice_vigente,,,0,False
PMAM3,PMAM,3875,2011-01-03,2026-08-05,992139.2269973755,Paranapanema,candidato_historico,recuperação judicial,,11,False
PFRM3,PFRM,3875,2011-01-03,2026-08-05,969306.0167312622,PROFARMA,indice_vigente,,,11,False
LOGN3,LOGN,3875,2011-01-03,2026-08-05,957037.0222449303,LOG-IN,indice_vigente,,,2,False
OGXP3,OGXP,1931,2011-01-03,2019-01-10,885283.0,OGX Petróleo,candidato_historico,recuperação judicial,OGXP3,37,True
RSID3,RSID,3875,2011-01-03,2026-08-05,815540.0257110596,Rossi Residencial,candidato_historico,reestruturação,,51,False
ITSA3,ITSA,3875,2011-01-03,2026-08-05,775375.9895324707,ITAUSA,indice_vigente,,,0,False
ETER3,ETER,3875,2011-01-03,2026-08-05,746691.0177707672,ETERNIT,indice_vigente,,,11,False
ECOM3,ECOM,1254,2021-07-28,2026-08-05,741769.1609489918,ECONOMATICA,indice_vigente,,,0,False
BHIA3,BHIA,3875,2011-01-03,2026-08-05,725137.24609375,CASAS BAHIA,indice_vigente,,,66,False
ALLD3,ALLD,1328,2021-04-12,2026-08-05,692147.4918365479,ALLIED,indice_vigente,,,0,False
COCE5,COCE,3875,2011-01-03,2026-08-05,691200.0,Coelce,candidato_historico,baixa liquidez,,11,False
CSUD3,CSUD,3875,2011-01-03,2026-08-05,687474.003982544,CSU DIGITAL,indice_vigente,,,0,False
AMOB3,AMOB,407,2024-12-16,2026-08-05,675552.0051956177,AUTOMOB,indice_vigente,,,0,False
CGAS5,CGAS,3875,2011-01-03,2026-08-05,660825.008392334,Comgás,candidato_historico,saiu do índice,,8,False
BRST3,BRST,388,2025-01-16,2026-08-05,646730.0043344498,BRISANET,indice_vigente,,,0,False
TECN3,TECN,3752,2011-07-01,2026-08-05,589258.496928215,TECHNOS,indice_vigente,,,2,False
LAND3,LAND,1245,2021-08-10,2026-08-05,572320.0149536133,TERRASANTAPA,indice_vigente,,,0,False
BRAP3,BRAP,3875,2011-01-03,2026-08-05,535336.9863696098,BRADESPAR,indice_vigente,,,0,False
TPIS3,TPIS,3875,2011-01-03,2026-08-05,525035.7377071381,TRIUNFO PART,indice_vigente,,,2,False
PNVL3,PNVL,3875,2011-01-03,2026-08-05,510399.9853134155,DIMED,indice_vigente,,,0,False
GOAU3,GOAU,3875,2011-01-03,2026-08-05,381329.4537334442,GERDAU MET,indice_vigente,,,0,False
DMVF3,DMVF,1491,2020-08-10,2026-08-05,376678.0037879944,D1000VFARMA,indice_vigente,,,0,False
VSTE3,VSTE,3875,2011-01-03,2026-08-05,366317.4299621582,VESTE,indice_vigente,,,22,False
SYNE3,SYNE,3875,2011-01-03,2026-08-05,363200.0,SYN PROP TEC,indice_vigente,,,0,False
FRAS3,FRAS,3875,2011-01-03,2026-08-05,359565.7882003784,FRAS-LE,indice_vigente,,,0,False
ALPK3,ALPK,1547,2020-05-21,2026-08-05,348750.0071525574,ESTAPAR,indice_vigente,,,0,False
POMO3,POMO,3875,2011-01-03,2026-08-05,345464.9121437073,MARCOPOLO,indice_vigente,,,0,False
PINE4,PINE,3875,2011-01-03,2026-08-05,344250.0162124634,PINE,indice_vigente,,,0,False
FHER3,FHER,3875,2011-01-03,2026-08-05,332970.0050354004,FER HERINGER,indice_vigente,,,7,False
LUPA3,LUPA,3875,2011-01-03,2026-08-05,317419.7977781296,Lupatech,candidato_historico,recuperação judicial,,5,False
EUCA4,EUCA,3875,2011-01-03,2026-08-05,305448.00872802734,EUCATEX,indice_vigente,,,0,False
VIVR3,VIVR,3875,2011-01-03,2026-08-05,289178.2162628174,Viver Incorporadora,candidato_historico,recuperação judicial,,7,False
DEXP3,DEXP,3875,2011-01-03,2026-08-05,285491.67106080055,DEXXOS PAR,indice_vigente,,,2,False
SCAR3,SCAR,3875,2011-01-03,2026-08-05,262300.0,SAO CARLOS,indice_vigente,,,0,False
RCSL4,RCSL,3875,2011-01-03,2026-08-05,217110.30896377563,RECRUSUL,indice_vigente,,,0,False
CLSC4,CLSC,3612,2012-01-20,2026-08-05,204238.00354003906,CELESC,indice_vigente,,,0,False
UCAS3,UCAS,3547,2012-04-27,2026-08-05,203724.99585151672,UNICASA,indice_vigente,,,0,False
OFSA3,OFSA,2933,2014-10-21,2026-08-05,193284.00192260742,OUROFINO S/A,indice_vigente,,,0,False
PDTC3,PDTC,3875,2011-01-03,2026-08-05,190570.0011253357,PADTEC,indice_vigente,,,0,False
WEST3,WEST,1366,2021-02-12,2026-08-05,184194.99889850616,WESTWING,indice_vigente,,,0,False
WDCN3,WDCN,1253,2021-07-29,2026-08-05,137940.00434875488,WDC NETWORKS,indice_vigente,,,0,False
BRKM3,BRKM,3875,2011-01-03,2026-08-05,131400.0,BRASKEM,indice_vigente,,,0,False
RNEW4,RNEW,2332,2017-03-28,2026-08-05,127356.99754714966,RENOVA,indice_vigente,,,0,False
DOTZ3,DOTZ,1294,2021-05-31,2026-08-05,99296.49709701538,DOTZ SA,indice_vigente,,,0,False
INEP4,INEP,3828,2011-01-03,2026-08-05,89634.99941825867,Inepar,candidato_historico,recuperação judicial,,5,False
TASA3,TASA,3875,2011-01-03,2026-08-05,56609.99894142151,TAURUS ARMAS,indice_vigente,,,0,False
BMEB4,BMEB,3875,2011-01-03,2026-08-05,45629.99801635742,MERCANTIL,indice_vigente,,,0,False
RAPT3,RAPT,3875,2011-01-03,2026-08-05,35721.00098133087,RANDON PART,indice_vigente,,,0,False
RNEW3,RNEW,3216,2013-08-30,2026-08-05,33688.5009765625,RENOVA,indice_vigente,,,0,False
EMAE4,EMAE,3875,2011-01-03,2026-08-05,32152.998447418213,EMAE,candidato_historico,baixa liquidez,,0,False
ALPA3,ALPA,3875,2011-01-03,2026-08-05,28763.99917602539,ALPARGATAS,indice_vigente,,,0,False
CTAX3,CTAX,3875,2011-01-03,2026-08-05,27744.000778198242,Contax,candidato_historico,"reestruturação, virou Liq",LIQO3,0,False
BRSR3,BRSR,3875,2011-01-03,2026-08-05,25300.0,BANRISUL,indice_vigente,,,0,False
ISAE3,ISAE,3875,2011-01-03,2026-08-05,23309.999465942383,ISA ENERGIA,indice_vigente,,,0,False
RANI3,RANI,3875,2011-01-03,2026-08-05,20708.999943733215,IRANI,indice_vigente,,,0,False
DEXP4,DEXP,1458,2020-09-25,2026-08-05,19057.510457992554,DEXXOS PAR,indice_vigente,,,0,False
CEDO4,CEDO,3875,2011-01-03,2026-08-05,892.0000076293945,CEDRO,indice_vigente,,,0,False
BMEB3,BMEB,3875,2011-01-03,2026-08-05,818.0000305175781,MERCANTIL,indice_vigente,,,0,False
CCTY3,CCTY,319,2025-04-29,2026-08-05,0.0,RDVC CITY,indice_vigente,,,0,False
FESA3,FESA,3875,2011-01-03,2026-08-05,0.0,FERBASA,indice_vigente,,,0,False
EUCA3,EUCA,3875,2011-01-03,2026-08-05,0.0,EUCATEX,indice_vigente,,,0,False
PINE3,PINE,3359,2013-02-04,2026-08-05,0.0,PINE,indice_vigente,,,0,False
PDGR3,PDGR,3875,2011-01-03,2026-08-05,0.0,PDG REALT,indice_vigente,,,0,False
